{
    "EventID": "e_sen7_a",
    "EventName": "The fishing contest",
    "Description": "You arrive at a small lake where some local werewolves are fishing, one of them approaches you and says:\n\n\"Hey, do you want to participate in our little fishing contest?  The entry fee is 60 gold and you will triple the gold if you win, the rules are very simple: \n\nWe all compete and the group that gets the biggest fish wins. And of course cheating is not allowed.\"",
    "DescriptionAction": "Do you want to participate?",
    "EventIconShader": "Blue",
    "EventSpriteBook": "even_lake",
    "EventSpriteDecor": "",
    "EventSpriteMap": "nodeIconEventBlue",
    "EventTier": "T0",
    "EventUniqueID": "",
    "HistoryMode": false,
    "ReplyRandom": 0,
    "Replies": [
        "{\n    \"Name\": \"e_sen7_a0\",\n    \"ReplyActionText\": \"Leave\",\n    \"medsEvent\": \"\",\n    \"DustCost\": 0,\n    \"GoldCost\": 0,\n    \"IndexForAnswerTranslation\": 0,\n    \"RepeatForAllCharacters\": false,\n    \"RequiredClass\": \"\",\n    \"Requirement\": \"\",\n    \"RequirementItem\": \"\",\n    \"ReplyShowCard\": \"\",\n    \"ReplyText\": \"You don't want to bet your gold.\",\n    \"SSRewardText\": \"You refuse and leave.\",\n    \"SSCRewardText\": \"\",\n    \"FLRewardText\": \"\",\n    \"FLCRewardText\": \"\",\n    \"SSRoll\": false,\n    \"SSRollCard\": \"None\",\n    \"SSRollMode\": \"HigherOrEqual\",\n    \"SSRollNumber\": 0,\n    \"SSRollNumberCritical\": -1,\n    \"SSRollNumberCriticalFail\": -1,\n    \"SSRollTarget\": \"Single\",\n    \"SSCombat\": \"\",\n    \"SSCCombat\": \"\",\n    \"FLCombat\": \"\",\n    \"FLCCombat\": \"\",\n    \"RequirementBlocked\": \"\",\n    \"RequirementMultiplayer\": false,\n    \"RequirementSku\": \"\",\n    \"SSAddCard1\": \"\",\n    \"SSAddCard2\": \"\",\n    \"SSAddCard3\": \"\",\n    \"SSAddItem\": \"\",\n    \"SSCardPlayerGame\": false,\n    \"SSCardPlayerGamePackData\": \"\",\n    \"SSCharacterReplacement\": \"\",\n    \"SSCharacterReplacementPosition\": 0,\n    \"SSCorruptionUI\": false,\n    \"SSCorruptItemSlot\": \"None\",\n    \"SSCraftUI\": false,\n    \"SSCraftUIMaxType\": \"Common\",\n    \"SSDiscount\": 0,\n    \"SSDustReward\": 0,\n    \"SSEvent\": \"\",\n    \"SSExperienceReward\": 0,\n    \"SSFinishEarlyAccess\": false,\n    \"SSFinishGame\": false,\n    \"SSFinishObeliskMap\": false,\n    \"SSGoldReward\": 0,\n    \"SSHealerUI\": false,\n    \"SSLootList\": \"\",\n    \"SSMaxQuantity\": 0,\n    \"SSMerchantUI\": false,\n    \"SSNodeTravel\": \"\",\n    \"SSPerkData\": \"\",\n    \"SSPerkData1\": \"\",\n    \"SSRemoveItemSlot\": \"None\",\n    \"SSRequirementLock\": \"\",\n    \"SSRequirementLock2\": \"\",\n    \"SSRequirementUnlock\": \"\",\n    \"SSRequirementUnlock2\": \"\",\n    \"SSRewardHealthFlat\": 0,\n    \"SSRewardHealthPercent\": 0,\n    \"SSRewardTier\": \"\",\n    \"SSShopList\": \"\",\n    \"SSSteamStat\": \"\",\n    \"SSSupplyReward\": 0,\n    \"SSUnlockClass\": \"\",\n    \"SSUnlockSkin\": \"\",\n    \"SSUnlockSteamAchievement\": \"\",\n    \"SSUpgradeRandomCard\": false,\n    \"SSUpgradeUI\": false,\n    \"SSCAddCard1\": \"\",\n    \"SSCAddCard2\": \"\",\n    \"SSCAddCard3\": \"\",\n    \"SSCAddItem\": \"\",\n    \"SSCCardPlayerGame\": false,\n    \"SSCCardPlayerGamePackData\": \"\",\n    \"SSCCorruptionUI\": false,\n    \"SSCCorruptItemSlot\": \"None\",\n    \"SSCCraftUI\": false,\n    \"SSCCraftUIMaxType\": \"Common\",\n    \"SSCDiscount\": 0,\n    \"SSCDustReward\": 0,\n    \"SSCEvent\": \"\",\n    \"SSCExperienceReward\": 0,\n    \"SSCFinishEarlyAccess\": false,\n    \"SSCFinishGame\": false,\n    \"SSCGoldReward\": 0,\n    \"SSCHealerUI\": false,\n    \"SSCLootList\": \"\",\n    \"SSCMaxQuantity\": 0,\n    \"SSCMerchantUI\": false,\n    \"SSCNodeTravel\": \"\",\n    \"SSCRemoveItemSlot\": \"None\",\n    \"SSCRequirementLock\": \"\",\n    \"SSCRequirementUnlock\": \"\",\n    \"SSCRequirementUnlock2\": \"\",\n    \"SSCRewardHealthFlat\": 0,\n    \"SSCRewardHealthPercent\": 0,\n    \"SSCRewardTier\": \"\",\n    \"SSCShopList\": \"\",\n    \"SSCSupplyReward\": 0,\n    \"SSCUnlockClass\": \"\",\n    \"SSCUnlockSteamAchievement\": \"\",\n    \"SSCUpgradeRandomCard\": false,\n    \"SSCUpgradeUI\": false,\n    \"FLAddCard1\": \"\",\n    \"FLAddCard2\": \"\",\n    \"FLAddCard3\": \"\",\n    \"FLAddItem\": \"\",\n    \"FLCardPlayerGame\": false,\n    \"FLCardPlayerGamePackData\": \"\",\n    \"FLCorruptionUI\": false,\n    \"FLCorruptItemSlot\": \"None\",\n    \"FLCraftUI\": false,\n    \"FLCraftUIMaxType\": \"Common\",\n    \"FLDiscount\": 0,\n    \"FLDustReward\": 0,\n    \"FLEvent\": \"\",\n    \"FLExperienceReward\": 0,\n    \"FLGoldReward\": 0,\n    \"FLHealerUI\": false,\n    \"FLLootList\": \"\",\n    \"FLMaxQuantity\": 0,\n    \"FLMerchantUI\": false,\n    \"FLNodeTravel\": \"\",\n    \"FLRemoveItemSlot\": \"None\",\n    \"FLRequirementLock\": \"\",\n    \"FLRequirementUnlock\": \"\",\n    \"FLRequirementUnlock2\": \"\",\n    \"FLRewardHealthFlat\": 0,\n    \"FLRewardHealthPercent\": 0,\n    \"FLRewardTier\": \"\",\n    \"FLShopList\": \"\",\n    \"FLSupplyReward\": 0,\n    \"FLUnlockClass\": \"\",\n    \"FLUnlockSteamAchievement\": \"\",\n    \"FLUpgradeRandomCard\": false,\n    \"FLUpgradeUI\": false,\n    \"FLCAddCard1\": \"\",\n    \"FLCAddCard2\": \"\",\n    \"FLCAddCard3\": \"\",\n    \"FLCAddItem\": \"\",\n    \"FLCCardPlayerGame\": false,\n    \"FLCCardPlayerGamePackData\": \"\",\n    \"FLCCorruptionUI\": false,\n    \"FLCCorruptItemSlot\": \"None\",\n    \"FLCCraftUI\": false,\n    \"FLCCraftUIMaxType\": \"Common\",\n    \"FLCDiscount\": 0,\n    \"FLCDustReward\": 0,\n    \"FLCEvent\": \"\",\n    \"FLCExperienceReward\": 0,\n    \"FLCGoldReward\": 0,\n    \"FLCHealerUI\": false,\n    \"FLCLootList\": \"\",\n    \"FLCMaxQuantity\": 0,\n    \"FLCMerchantUI\": false,\n    \"FLCNodeTravel\": \"\",\n    \"FLCRemoveItemSlot\": \"None\",\n    \"FLCRequirementLock\": \"\",\n    \"FLCRequirementUnlock\": \"\",\n    \"FLCRequirementUnlock2\": \"\",\n    \"FLCRewardHealthFlat\": 0,\n    \"FLCRewardHealthPercent\": 0,\n    \"FLCRewardTier\": \"\",\n    \"FLCShopList\": \"\",\n    \"FLCSupplyReward\": 0,\n    \"FLCUnlockClass\": \"\",\n    \"FLCUnlockSteamAchievement\": \"\",\n    \"FLCUpgradeRandomCard\": false,\n    \"FLCUpgradeUI\": false,\n    \"RequirementCard\": \"\",\n    \"SSCardPlayerPairsGame\": false,\n    \"SSCardPlayerPairsGamePackData\": \"\",\n    \"SSCCardPlayerPairsGame\": false,\n    \"SSCCardPlayerPairsGamePackData\": \"\",\n    \"FLCardPlayerPairsGame\": false,\n    \"FLCardPlayerPairsGamePackData\": \"\",\n    \"FLCCardPlayerPairsGame\": false,\n    \"FLCCardPlayerPairsGamePackData\": \"\"\n}",
        "{\n    \"Name\": \"e_sen7_a1\",\n    \"ReplyActionText\": \"Fishing\",\n    \"medsEvent\": \"\",\n    \"DustCost\": 0,\n    \"GoldCost\": 0,\n    \"IndexForAnswerTranslation\": 1,\n    \"RepeatForAllCharacters\": false,\n    \"RequiredClass\": \"\",\n    \"Requirement\": \"\",\n    \"RequirementItem\": \"\",\n    \"ReplyShowCard\": \"\",\n    \"ReplyText\": \"You ignore the contest but try to fish something on your own.\",\n    \"SSRewardText\": \"You caught a big fish!. When you put the fish in your backpack you hear:\\n\\n\\\"Who gave you permission to fish in our lake ... Grrrrr grrr\\\"\\n\\nSome of the werewolves get angry and attack you.\",\n    \"SSCRewardText\": \"You've had a winning streak! You caught a big fish and also each of you managed to catch a carp for themselves.\",\n    \"FLRewardText\": \"You spend a while trying to fish but with no luck so you leave.\",\n    \"FLCRewardText\": \"When you try to fish you fall into the lake awkwardly, now you will have to spend your time waiting for all your equipment to dry.\",\n    \"SSRoll\": true,\n    \"SSRollCard\": \"None\",\n    \"SSRollMode\": \"LowerOrEqual\",\n    \"SSRollNumber\": 5,\n    \"SSRollNumberCritical\": 2,\n    \"SSRollNumberCriticalFail\": 9,\n    \"SSRollTarget\": \"Group\",\n    \"SSCombat\": \"esen_7a\",\n    \"SSCCombat\": \"\",\n    \"FLCombat\": \"\",\n    \"FLCCombat\": \"\",\n    \"RequirementBlocked\": \"\",\n    \"RequirementMultiplayer\": false,\n    \"RequirementSku\": \"\",\n    \"SSAddCard1\": \"\",\n    \"SSAddCard2\": \"\",\n    \"SSAddCard3\": \"\",\n    \"SSAddItem\": \"\",\n    \"SSCardPlayerGame\": false,\n    \"SSCardPlayerGamePackData\": \"\",\n    \"SSCharacterReplacement\": \"\",\n    \"SSCharacterReplacementPosition\": 0,\n    \"SSCorruptionUI\": false,\n    \"SSCorruptItemSlot\": \"None\",\n    \"SSCraftUI\": false,\n    \"SSCraftUIMaxType\": \"Common\",\n    \"SSDiscount\": 0,\n    \"SSDustReward\": 0,\n    \"SSEvent\": \"\",\n    \"SSExperienceReward\": 20,\n    \"SSFinishEarlyAccess\": false,\n    \"SSFinishGame\": false,\n    \"SSFinishObeliskMap\": false,\n    \"SSGoldReward\": 0,\n    \"SSHealerUI\": false,\n    \"SSLootList\": \"\",\n    \"SSMaxQuantity\": 0,\n    \"SSMerchantUI\": false,\n    \"SSNodeTravel\": \"\",\n    \"SSPerkData\": \"\",\n    \"SSPerkData1\": \"\",\n    \"SSRemoveItemSlot\": \"None\",\n    \"SSRequirementLock\": \"\",\n    \"SSRequirementLock2\": \"\",\n    \"SSRequirementUnlock\": \"bigfish\",\n    \"SSRequirementUnlock2\": \"\",\n    \"SSRewardHealthFlat\": 0,\n    \"SSRewardHealthPercent\": 0,\n    \"SSRewardTier\": \"\",\n    \"SSShopList\": \"\",\n    \"SSSteamStat\": \"\",\n    \"SSSupplyReward\": 0,\n    \"SSUnlockClass\": \"\",\n    \"SSUnlockSkin\": \"\",\n    \"SSUnlockSteamAchievement\": \"\",\n    \"SSUpgradeRandomCard\": false,\n    \"SSUpgradeUI\": false,\n    \"SSCAddCard1\": \"carp\",\n    \"SSCAddCard2\": \"\",\n    \"SSCAddCard3\": \"\",\n    \"SSCAddItem\": \"\",\n    \"SSCCardPlayerGame\": false,\n    \"SSCCardPlayerGamePackData\": \"\",\n    \"SSCCorruptionUI\": false,\n    \"SSCCorruptItemSlot\": \"None\",\n    \"SSCCraftUI\": false,\n    \"SSCCraftUIMaxType\": \"Common\",\n    \"SSCDiscount\": 0,\n    \"SSCDustReward\": 0,\n    \"SSCEvent\": \"\",\n    \"SSCExperienceReward\": 24,\n    \"SSCFinishEarlyAccess\": false,\n    \"SSCFinishGame\": false,\n    \"SSCGoldReward\": 0,\n    \"SSCHealerUI\": false,\n    \"SSCLootList\": \"\",\n    \"SSCMaxQuantity\": 0,\n    \"SSCMerchantUI\": false,\n    \"SSCNodeTravel\": \"\",\n    \"SSCRemoveItemSlot\": \"None\",\n    \"SSCRequirementLock\": \"\",\n    \"SSCRequirementUnlock\": \"bigfish\",\n    \"SSCRequirementUnlock2\": \"\",\n    \"SSCRewardHealthFlat\": 0,\n    \"SSCRewardHealthPercent\": 0,\n    \"SSCRewardTier\": \"\",\n    \"SSCShopList\": \"\",\n    \"SSCSupplyReward\": 0,\n    \"SSCUnlockClass\": \"\",\n    \"SSCUnlockSteamAchievement\": \"\",\n    \"SSCUpgradeRandomCard\": false,\n    \"SSCUpgradeUI\": false,\n    \"FLAddCard1\": \"\",\n    \"FLAddCard2\": \"\",\n    \"FLAddCard3\": \"\",\n    \"FLAddItem\": \"\",\n    \"FLCardPlayerGame\": false,\n    \"FLCardPlayerGamePackData\": \"\",\n    \"FLCorruptionUI\": false,\n    \"FLCorruptItemSlot\": \"None\",\n    \"FLCraftUI\": false,\n    \"FLCraftUIMaxType\": \"Common\",\n    \"FLDiscount\": 0,\n    \"FLDustReward\": 0,\n    \"FLEvent\": \"\",\n    \"FLExperienceReward\": 0,\n    \"FLGoldReward\": 0,\n    \"FLHealerUI\": false,\n    \"FLLootList\": \"\",\n    \"FLMaxQuantity\": 0,\n    \"FLMerchantUI\": false,\n    \"FLNodeTravel\": \"\",\n    \"FLRemoveItemSlot\": \"None\",\n    \"FLRequirementLock\": \"\",\n    \"FLRequirementUnlock\": \"\",\n    \"FLRequirementUnlock2\": \"\",\n    \"FLRewardHealthFlat\": 0,\n    \"FLRewardHealthPercent\": 0,\n    \"FLRewardTier\": \"\",\n    \"FLShopList\": \"\",\n    \"FLSupplyReward\": 0,\n    \"FLUnlockClass\": \"\",\n    \"FLUnlockSteamAchievement\": \"\",\n    \"FLUpgradeRandomCard\": false,\n    \"FLUpgradeUI\": false,\n    \"FLCAddCard1\": \"lowselfesteem\",\n    \"FLCAddCard2\": \"\",\n    \"FLCAddCard3\": \"\",\n    \"FLCAddItem\": \"\",\n    \"FLCCardPlayerGame\": false,\n    \"FLCCardPlayerGamePackData\": \"\",\n    \"FLCCorruptionUI\": false,\n    \"FLCCorruptItemSlot\": \"None\",\n    \"FLCCraftUI\": false,\n    \"FLCCraftUIMaxType\": \"Common\",\n    \"FLCDiscount\": 0,\n    \"FLCDustReward\": 0,\n    \"FLCEvent\": \"\",\n    \"FLCExperienceReward\": 0,\n    \"FLCGoldReward\": 0,\n    \"FLCHealerUI\": false,\n    \"FLCLootList\": \"\",\n    \"FLCMaxQuantity\": 0,\n    \"FLCMerchantUI\": false,\n    \"FLCNodeTravel\": \"\",\n    \"FLCRemoveItemSlot\": \"None\",\n    \"FLCRequirementLock\": \"\",\n    \"FLCRequirementUnlock\": \"\",\n    \"FLCRequirementUnlock2\": \"\",\n    \"FLCRewardHealthFlat\": 0,\n    \"FLCRewardHealthPercent\": 0,\n    \"FLCRewardTier\": \"\",\n    \"FLCShopList\": \"\",\n    \"FLCSupplyReward\": 0,\n    \"FLCUnlockClass\": \"\",\n    \"FLCUnlockSteamAchievement\": \"\",\n    \"FLCUpgradeRandomCard\": false,\n    \"FLCUpgradeUI\": false,\n    \"RequirementCard\": \"\",\n    \"SSCardPlayerPairsGame\": false,\n    \"SSCardPlayerPairsGamePackData\": \"\",\n    \"SSCCardPlayerPairsGame\": false,\n    \"SSCCardPlayerPairsGamePackData\": \"\",\n    \"FLCardPlayerPairsGame\": false,\n    \"FLCardPlayerPairsGamePackData\": \"\",\n    \"FLCCardPlayerPairsGame\": false,\n    \"FLCCardPlayerPairsGamePackData\": \"\"\n}",
        "{\n    \"Name\": \"e_sen7_a2\",\n    \"ReplyActionText\": \"Pay\",\n    \"medsEvent\": \"\",\n    \"DustCost\": 0,\n    \"GoldCost\": 60,\n    \"IndexForAnswerTranslation\": 2,\n    \"RepeatForAllCharacters\": false,\n    \"RequiredClass\": \"\",\n    \"Requirement\": \"\",\n    \"RequirementItem\": \"\",\n    \"ReplyShowCard\": \"\",\n    \"ReplyText\": \"You pay the 60 gold fee and participate in the contest as a group.\",\n    \"SSRewardText\": \"You really caught the biggest fish.\\n\\nIt was a fair contest and they pay you the agreed gold.\",\n    \"SSCRewardText\": \"You really caught the biggest fish and also each of you managed to catch an extra carp.\\n\\nIt was a fair contest and the locals pay you the agreed gold, plus they let you keep the carps.\",\n    \"FLRewardText\": \"You only caught one small fish... the werewolves say it was a fair competition and they keep the gold.\",\n    \"FLCRewardText\": \"You haven't caught anything... the locals laugh at you and keep the gold for themselves.\",\n    \"SSRoll\": true,\n    \"SSRollCard\": \"None\",\n    \"SSRollMode\": \"HigherOrEqual\",\n    \"SSRollNumber\": 5,\n    \"SSRollNumberCritical\": 8,\n    \"SSRollNumberCriticalFail\": 1,\n    \"SSRollTarget\": \"Group\",\n    \"SSCombat\": \"\",\n    \"SSCCombat\": \"\",\n    \"FLCombat\": \"\",\n    \"FLCCombat\": \"\",\n    \"RequirementBlocked\": \"\",\n    \"RequirementMultiplayer\": false,\n    \"RequirementSku\": \"\",\n    \"SSAddCard1\": \"\",\n    \"SSAddCard2\": \"\",\n    \"SSAddCard3\": \"\",\n    \"SSAddItem\": \"\",\n    \"SSCardPlayerGame\": false,\n    \"SSCardPlayerGamePackData\": \"\",\n    \"SSCharacterReplacement\": \"\",\n    \"SSCharacterReplacementPosition\": 0,\n    \"SSCorruptionUI\": false,\n    \"SSCorruptItemSlot\": \"None\",\n    \"SSCraftUI\": false,\n    \"SSCraftUIMaxType\": \"Common\",\n    \"SSDiscount\": 0,\n    \"SSDustReward\": 0,\n    \"SSEvent\": \"\",\n    \"SSExperienceReward\": 22,\n    \"SSFinishEarlyAccess\": false,\n    \"SSFinishGame\": false,\n    \"SSFinishObeliskMap\": false,\n    \"SSGoldReward\": 45,\n    \"SSHealerUI\": false,\n    \"SSLootList\": \"\",\n    \"SSMaxQuantity\": 0,\n    \"SSMerchantUI\": false,\n    \"SSNodeTravel\": \"\",\n    \"SSPerkData\": \"\",\n    \"SSPerkData1\": \"\",\n    \"SSRemoveItemSlot\": \"None\",\n    \"SSRequirementLock\": \"\",\n    \"SSRequirementLock2\": \"\",\n    \"SSRequirementUnlock\": \"bigfish\",\n    \"SSRequirementUnlock2\": \"\",\n    \"SSRewardHealthFlat\": 0,\n    \"SSRewardHealthPercent\": 0,\n    \"SSRewardTier\": \"\",\n    \"SSShopList\": \"\",\n    \"SSSteamStat\": \"\",\n    \"SSSupplyReward\": 0,\n    \"SSUnlockClass\": \"\",\n    \"SSUnlockSkin\": \"\",\n    \"SSUnlockSteamAchievement\": \"\",\n    \"SSUpgradeRandomCard\": false,\n    \"SSUpgradeUI\": false,\n    \"SSCAddCard1\": \"carp\",\n    \"SSCAddCard2\": \"\",\n    \"SSCAddCard3\": \"\",\n    \"SSCAddItem\": \"\",\n    \"SSCCardPlayerGame\": false,\n    \"SSCCardPlayerGamePackData\": \"\",\n    \"SSCCorruptionUI\": false,\n    \"SSCCorruptItemSlot\": \"None\",\n    \"SSCCraftUI\": false,\n    \"SSCCraftUIMaxType\": \"Common\",\n    \"SSCDiscount\": 0,\n    \"SSCDustReward\": 0,\n    \"SSCEvent\": \"\",\n    \"SSCExperienceReward\": 24,\n    \"SSCFinishEarlyAccess\": false,\n    \"SSCFinishGame\": false,\n    \"SSCGoldReward\": 45,\n    \"SSCHealerUI\": false,\n    \"SSCLootList\": \"\",\n    \"SSCMaxQuantity\": 0,\n    \"SSCMerchantUI\": false,\n    \"SSCNodeTravel\": \"\",\n    \"SSCRemoveItemSlot\": \"None\",\n    \"SSCRequirementLock\": \"\",\n    \"SSCRequirementUnlock\": \"bigfish\",\n    \"SSCRequirementUnlock2\": \"\",\n    \"SSCRewardHealthFlat\": 0,\n    \"SSCRewardHealthPercent\": 0,\n    \"SSCRewardTier\": \"\",\n    \"SSCShopList\": \"\",\n    \"SSCSupplyReward\": 0,\n    \"SSCUnlockClass\": \"\",\n    \"SSCUnlockSteamAchievement\": \"\",\n    \"SSCUpgradeRandomCard\": false,\n    \"SSCUpgradeUI\": false,\n    \"FLAddCard1\": \"\",\n    \"FLAddCard2\": \"\",\n    \"FLAddCard3\": \"\",\n    \"FLAddItem\": \"\",\n    \"FLCardPlayerGame\": false,\n    \"FLCardPlayerGamePackData\": \"\",\n    \"FLCorruptionUI\": false,\n    \"FLCorruptItemSlot\": \"None\",\n    \"FLCraftUI\": false,\n    \"FLCraftUIMaxType\": \"Common\",\n    \"FLDiscount\": 0,\n    \"FLDustReward\": 0,\n    \"FLEvent\": \"\",\n    \"FLExperienceReward\": 0,\n    \"FLGoldReward\": 0,\n    \"FLHealerUI\": false,\n    \"FLLootList\": \"\",\n    \"FLMaxQuantity\": 0,\n    \"FLMerchantUI\": false,\n    \"FLNodeTravel\": \"\",\n    \"FLRemoveItemSlot\": \"None\",\n    \"FLRequirementLock\": \"\",\n    \"FLRequirementUnlock\": \"\",\n    \"FLRequirementUnlock2\": \"\",\n    \"FLRewardHealthFlat\": 0,\n    \"FLRewardHealthPercent\": 0,\n    \"FLRewardTier\": \"\",\n    \"FLShopList\": \"\",\n    \"FLSupplyReward\": 0,\n    \"FLUnlockClass\": \"\",\n    \"FLUnlockSteamAchievement\": \"\",\n    \"FLUpgradeRandomCard\": false,\n    \"FLUpgradeUI\": false,\n    \"FLCAddCard1\": \"lowselfesteem\",\n    \"FLCAddCard2\": \"\",\n    \"FLCAddCard3\": \"\",\n    \"FLCAddItem\": \"\",\n    \"FLCCardPlayerGame\": false,\n    \"FLCCardPlayerGamePackData\": \"\",\n    \"FLCCorruptionUI\": false,\n    \"FLCCorruptItemSlot\": \"None\",\n    \"FLCCraftUI\": false,\n    \"FLCCraftUIMaxType\": \"Common\",\n    \"FLCDiscount\": 0,\n    \"FLCDustReward\": 0,\n    \"FLCEvent\": \"\",\n    \"FLCExperienceReward\": 0,\n    \"FLCGoldReward\": 0,\n    \"FLCHealerUI\": false,\n    \"FLCLootList\": \"\",\n    \"FLCMaxQuantity\": 0,\n    \"FLCMerchantUI\": false,\n    \"FLCNodeTravel\": \"\",\n    \"FLCRemoveItemSlot\": \"None\",\n    \"FLCRequirementLock\": \"\",\n    \"FLCRequirementUnlock\": \"\",\n    \"FLCRequirementUnlock2\": \"\",\n    \"FLCRewardHealthFlat\": 0,\n    \"FLCRewardHealthPercent\": 0,\n    \"FLCRewardTier\": \"\",\n    \"FLCShopList\": \"\",\n    \"FLCSupplyReward\": 0,\n    \"FLCUnlockClass\": \"\",\n    \"FLCUnlockSteamAchievement\": \"\",\n    \"FLCUpgradeRandomCard\": false,\n    \"FLCUpgradeUI\": false,\n    \"RequirementCard\": \"\",\n    \"SSCardPlayerPairsGame\": false,\n    \"SSCardPlayerPairsGamePackData\": \"\",\n    \"SSCCardPlayerPairsGame\": false,\n    \"SSCCardPlayerPairsGamePackData\": \"\",\n    \"FLCardPlayerPairsGame\": false,\n    \"FLCardPlayerPairsGamePackData\": \"\",\n    \"FLCCardPlayerPairsGame\": false,\n    \"FLCCardPlayerPairsGamePackData\": \"\"\n}",
        "{\n    \"Name\": \"e_sen7_a3\",\n    \"ReplyActionText\": \"Bet\",\n    \"medsEvent\": \"\",\n    \"DustCost\": 0,\n    \"GoldCost\": 60,\n    \"IndexForAnswerTranslation\": 3,\n    \"RepeatForAllCharacters\": false,\n    \"RequiredClass\": \"\",\n    \"Requirement\": \"\",\n    \"RequirementItem\": \"\",\n    \"ReplyShowCard\": \"\",\n    \"ReplyText\": \"Pay the fee, but only one of you will win the contest and get 120 gold.\",\n    \"SSRewardText\": \"I will keep this fish.\",\n    \"SSCRewardText\": \"\",\n    \"FLRewardText\": \"At least one of us won.\",\n    \"FLCRewardText\": \"\",\n    \"SSRoll\": true,\n    \"SSRollCard\": \"None\",\n    \"SSRollMode\": \"Highest\",\n    \"SSRollNumber\": 0,\n    \"SSRollNumberCritical\": -1,\n    \"SSRollNumberCriticalFail\": -1,\n    \"SSRollTarget\": \"Competition\",\n    \"SSCombat\": \"\",\n    \"SSCCombat\": \"\",\n    \"FLCombat\": \"\",\n    \"FLCCombat\": \"\",\n    \"RequirementBlocked\": \"\",\n    \"RequirementMultiplayer\": true,\n    \"RequirementSku\": \"\",\n    \"SSAddCard1\": \"\",\n    \"SSAddCard2\": \"\",\n    \"SSAddCard3\": \"\",\n    \"SSAddItem\": \"\",\n    \"SSCardPlayerGame\": false,\n    \"SSCardPlayerGamePackData\": \"\",\n    \"SSCharacterReplacement\": \"\",\n    \"SSCharacterReplacementPosition\": 0,\n    \"SSCorruptionUI\": false,\n    \"SSCorruptItemSlot\": \"None\",\n    \"SSCraftUI\": false,\n    \"SSCraftUIMaxType\": \"Common\",\n    \"SSDiscount\": 0,\n    \"SSDustReward\": 0,\n    \"SSEvent\": \"\",\n    \"SSExperienceReward\": 8,\n    \"SSFinishEarlyAccess\": false,\n    \"SSFinishGame\": false,\n    \"SSFinishObeliskMap\": false,\n    \"SSGoldReward\": 120,\n    \"SSHealerUI\": false,\n    \"SSLootList\": \"\",\n    \"SSMaxQuantity\": 0,\n    \"SSMerchantUI\": false,\n    \"SSNodeTravel\": \"\",\n    \"SSPerkData\": \"\",\n    \"SSPerkData1\": \"\",\n    \"SSRemoveItemSlot\": \"None\",\n    \"SSRequirementLock\": \"\",\n    \"SSRequirementLock2\": \"\",\n    \"SSRequirementUnlock\": \"bigfish\",\n    \"SSRequirementUnlock2\": \"\",\n    \"SSRewardHealthFlat\": 0,\n    \"SSRewardHealthPercent\": 0,\n    \"SSRewardTier\": \"\",\n    \"SSShopList\": \"\",\n    \"SSSteamStat\": \"\",\n    \"SSSupplyReward\": 0,\n    \"SSUnlockClass\": \"\",\n    \"SSUnlockSkin\": \"\",\n    \"SSUnlockSteamAchievement\": \"\",\n    \"SSUpgradeRandomCard\": false,\n    \"SSUpgradeUI\": false,\n    \"SSCAddCard1\": \"\",\n    \"SSCAddCard2\": \"\",\n    \"SSCAddCard3\": \"\",\n    \"SSCAddItem\": \"\",\n    \"SSCCardPlayerGame\": false,\n    \"SSCCardPlayerGamePackData\": \"\",\n    \"SSCCorruptionUI\": false,\n    \"SSCCorruptItemSlot\": \"None\",\n    \"SSCCraftUI\": false,\n    \"SSCCraftUIMaxType\": \"Common\",\n    \"SSCDiscount\": 0,\n    \"SSCDustReward\": 0,\n    \"SSCEvent\": \"\",\n    \"SSCExperienceReward\": 0,\n    \"SSCFinishEarlyAccess\": false,\n    \"SSCFinishGame\": false,\n    \"SSCGoldReward\": 0,\n    \"SSCHealerUI\": false,\n    \"SSCLootList\": \"\",\n    \"SSCMaxQuantity\": 0,\n    \"SSCMerchantUI\": false,\n    \"SSCNodeTravel\": \"\",\n    \"SSCRemoveItemSlot\": \"None\",\n    \"SSCRequirementLock\": \"\",\n    \"SSCRequirementUnlock\": \"\",\n    \"SSCRequirementUnlock2\": \"\",\n    \"SSCRewardHealthFlat\": 0,\n    \"SSCRewardHealthPercent\": 0,\n    \"SSCRewardTier\": \"\",\n    \"SSCShopList\": \"\",\n    \"SSCSupplyReward\": 0,\n    \"SSCUnlockClass\": \"\",\n    \"SSCUnlockSteamAchievement\": \"\",\n    \"SSCUpgradeRandomCard\": false,\n    \"SSCUpgradeUI\": false,\n    \"FLAddCard1\": \"\",\n    \"FLAddCard2\": \"\",\n    \"FLAddCard3\": \"\",\n    \"FLAddItem\": \"\",\n    \"FLCardPlayerGame\": false,\n    \"FLCardPlayerGamePackData\": \"\",\n    \"FLCorruptionUI\": false,\n    \"FLCorruptItemSlot\": \"None\",\n    \"FLCraftUI\": false,\n    \"FLCraftUIMaxType\": \"Common\",\n    \"FLDiscount\": 0,\n    \"FLDustReward\": 0,\n    \"FLEvent\": \"\",\n    \"FLExperienceReward\": 0,\n    \"FLGoldReward\": 0,\n    \"FLHealerUI\": false,\n    \"FLLootList\": \"\",\n    \"FLMaxQuantity\": 0,\n    \"FLMerchantUI\": false,\n    \"FLNodeTravel\": \"\",\n    \"FLRemoveItemSlot\": \"None\",\n    \"FLRequirementLock\": \"\",\n    \"FLRequirementUnlock\": \"\",\n    \"FLRequirementUnlock2\": \"\",\n    \"FLRewardHealthFlat\": 0,\n    \"FLRewardHealthPercent\": 0,\n    \"FLRewardTier\": \"\",\n    \"FLShopList\": \"\",\n    \"FLSupplyReward\": 0,\n    \"FLUnlockClass\": \"\",\n    \"FLUnlockSteamAchievement\": \"\",\n    \"FLUpgradeRandomCard\": false,\n    \"FLUpgradeUI\": false,\n    \"FLCAddCard1\": \"\",\n    \"FLCAddCard2\": \"\",\n    \"FLCAddCard3\": \"\",\n    \"FLCAddItem\": \"\",\n    \"FLCCardPlayerGame\": false,\n    \"FLCCardPlayerGamePackData\": \"\",\n    \"FLCCorruptionUI\": false,\n    \"FLCCorruptItemSlot\": \"None\",\n    \"FLCCraftUI\": false,\n    \"FLCCraftUIMaxType\": \"Common\",\n    \"FLCDiscount\": 0,\n    \"FLCDustReward\": 0,\n    \"FLCEvent\": \"\",\n    \"FLCExperienceReward\": 0,\n    \"FLCGoldReward\": 0,\n    \"FLCHealerUI\": false,\n    \"FLCLootList\": \"\",\n    \"FLCMaxQuantity\": 0,\n    \"FLCMerchantUI\": false,\n    \"FLCNodeTravel\": \"\",\n    \"FLCRemoveItemSlot\": \"None\",\n    \"FLCRequirementLock\": \"\",\n    \"FLCRequirementUnlock\": \"\",\n    \"FLCRequirementUnlock2\": \"\",\n    \"FLCRewardHealthFlat\": 0,\n    \"FLCRewardHealthPercent\": 0,\n    \"FLCRewardTier\": \"\",\n    \"FLCShopList\": \"\",\n    \"FLCSupplyReward\": 0,\n    \"FLCUnlockClass\": \"\",\n    \"FLCUnlockSteamAchievement\": \"\",\n    \"FLCUpgradeRandomCard\": false,\n    \"FLCUpgradeUI\": false,\n    \"RequirementCard\": \"\",\n    \"SSCardPlayerPairsGame\": false,\n    \"SSCardPlayerPairsGamePackData\": \"\",\n    \"SSCCardPlayerPairsGame\": false,\n    \"SSCCardPlayerPairsGamePackData\": \"\",\n    \"FLCardPlayerPairsGame\": false,\n    \"FLCardPlayerPairsGamePackData\": \"\",\n    \"FLCCardPlayerPairsGame\": false,\n    \"FLCCardPlayerPairsGamePackData\": \"\"\n}",
        "{\n    \"Name\": \"e_sen7_a4\",\n    \"ReplyActionText\": \"CharacterName\",\n    \"medsEvent\": \"\",\n    \"DustCost\": 0,\n    \"GoldCost\": 60,\n    \"IndexForAnswerTranslation\": 4,\n    \"RepeatForAllCharacters\": false,\n    \"RequiredClass\": \"assassin\",\n    \"Requirement\": \"\",\n    \"RequirementItem\": \"\",\n    \"ReplyShowCard\": \"\",\n    \"ReplyText\": \"Sss... I can dive into the lake to fish. Let's pay the 60 gold fee\",\n    \"SSRewardText\": \"Inside the lake, Thuls caught the biggest fish he saw, but when he comes out of the water, one of the werewolves shouts at you:\\n\\n\\\"HEY! That's cheating... Grrr grrr...\\\"\\n\\nTwo of them approach and attack you.\",\n    \"SSCRewardText\": \"\",\n    \"FLRewardText\": \"\",\n    \"FLCRewardText\": \"\",\n    \"SSRoll\": false,\n    \"SSRollCard\": \"None\",\n    \"SSRollMode\": \"HigherOrEqual\",\n    \"SSRollNumber\": 0,\n    \"SSRollNumberCritical\": -1,\n    \"SSRollNumberCriticalFail\": -1,\n    \"SSRollTarget\": \"Single\",\n    \"SSCombat\": \"esen_7a\",\n    \"SSCCombat\": \"\",\n    \"FLCombat\": \"\",\n    \"FLCCombat\": \"\",\n    \"RequirementBlocked\": \"\",\n    \"RequirementMultiplayer\": false,\n    \"RequirementSku\": \"\",\n    \"SSAddCard1\": \"\",\n    \"SSAddCard2\": \"\",\n    \"SSAddCard3\": \"\",\n    \"SSAddItem\": \"\",\n    \"SSCardPlayerGame\": false,\n    \"SSCardPlayerGamePackData\": \"\",\n    \"SSCharacterReplacement\": \"\",\n    \"SSCharacterReplacementPosition\": 0,\n    \"SSCorruptionUI\": false,\n    \"SSCorruptItemSlot\": \"None\",\n    \"SSCraftUI\": false,\n    \"SSCraftUIMaxType\": \"Common\",\n    \"SSDiscount\": 0,\n    \"SSDustReward\": 0,\n    \"SSEvent\": \"\",\n    \"SSExperienceReward\": 0,\n    \"SSFinishEarlyAccess\": false,\n    \"SSFinishGame\": false,\n    \"SSFinishObeliskMap\": false,\n    \"SSGoldReward\": 0,\n    \"SSHealerUI\": false,\n    \"SSLootList\": \"\",\n    \"SSMaxQuantity\": 0,\n    \"SSMerchantUI\": false,\n    \"SSNodeTravel\": \"\",\n    \"SSPerkData\": \"\",\n    \"SSPerkData1\": \"\",\n    \"SSRemoveItemSlot\": \"None\",\n    \"SSRequirementLock\": \"\",\n    \"SSRequirementLock2\": \"\",\n    \"SSRequirementUnlock\": \"bigfish\",\n    \"SSRequirementUnlock2\": \"\",\n    \"SSRewardHealthFlat\": 0,\n    \"SSRewardHealthPercent\": 0,\n    \"SSRewardTier\": \"\",\n    \"SSShopList\": \"\",\n    \"SSSteamStat\": \"\",\n    \"SSSupplyReward\": 0,\n    \"SSUnlockClass\": \"\",\n    \"SSUnlockSkin\": \"\",\n    \"SSUnlockSteamAchievement\": \"\",\n    \"SSUpgradeRandomCard\": false,\n    \"SSUpgradeUI\": false,\n    \"SSCAddCard1\": \"\",\n    \"SSCAddCard2\": \"\",\n    \"SSCAddCard3\": \"\",\n    \"SSCAddItem\": \"\",\n    \"SSCCardPlayerGame\": false,\n    \"SSCCardPlayerGamePackData\": \"\",\n    \"SSCCorruptionUI\": false,\n    \"SSCCorruptItemSlot\": \"None\",\n    \"SSCCraftUI\": false,\n    \"SSCCraftUIMaxType\": \"Common\",\n    \"SSCDiscount\": 0,\n    \"SSCDustReward\": 0,\n    \"SSCEvent\": \"\",\n    \"SSCExperienceReward\": 0,\n    \"SSCFinishEarlyAccess\": false,\n    \"SSCFinishGame\": false,\n    \"SSCGoldReward\": 0,\n    \"SSCHealerUI\": false,\n    \"SSCLootList\": \"\",\n    \"SSCMaxQuantity\": 0,\n    \"SSCMerchantUI\": false,\n    \"SSCNodeTravel\": \"\",\n    \"SSCRemoveItemSlot\": \"None\",\n    \"SSCRequirementLock\": \"\",\n    \"SSCRequirementUnlock\": \"\",\n    \"SSCRequirementUnlock2\": \"\",\n    \"SSCRewardHealthFlat\": 0,\n    \"SSCRewardHealthPercent\": 0,\n    \"SSCRewardTier\": \"\",\n    \"SSCShopList\": \"\",\n    \"SSCSupplyReward\": 0,\n    \"SSCUnlockClass\": \"\",\n    \"SSCUnlockSteamAchievement\": \"\",\n    \"SSCUpgradeRandomCard\": false,\n    \"SSCUpgradeUI\": false,\n    \"FLAddCard1\": \"\",\n    \"FLAddCard2\": \"\",\n    \"FLAddCard3\": \"\",\n    \"FLAddItem\": \"\",\n    \"FLCardPlayerGame\": false,\n    \"FLCardPlayerGamePackData\": \"\",\n    \"FLCorruptionUI\": false,\n    \"FLCorruptItemSlot\": \"None\",\n    \"FLCraftUI\": false,\n    \"FLCraftUIMaxType\": \"Common\",\n    \"FLDiscount\": 0,\n    \"FLDustReward\": 0,\n    \"FLEvent\": \"\",\n    \"FLExperienceReward\": 0,\n    \"FLGoldReward\": 0,\n    \"FLHealerUI\": false,\n    \"FLLootList\": \"\",\n    \"FLMaxQuantity\": 0,\n    \"FLMerchantUI\": false,\n    \"FLNodeTravel\": \"\",\n    \"FLRemoveItemSlot\": \"None\",\n    \"FLRequirementLock\": \"\",\n    \"FLRequirementUnlock\": \"\",\n    \"FLRequirementUnlock2\": \"\",\n    \"FLRewardHealthFlat\": 0,\n    \"FLRewardHealthPercent\": 0,\n    \"FLRewardTier\": \"\",\n    \"FLShopList\": \"\",\n    \"FLSupplyReward\": 0,\n    \"FLUnlockClass\": \"\",\n    \"FLUnlockSteamAchievement\": \"\",\n    \"FLUpgradeRandomCard\": false,\n    \"FLUpgradeUI\": false,\n    \"FLCAddCard1\": \"\",\n    \"FLCAddCard2\": \"\",\n    \"FLCAddCard3\": \"\",\n    \"FLCAddItem\": \"\",\n    \"FLCCardPlayerGame\": false,\n    \"FLCCardPlayerGamePackData\": \"\",\n    \"FLCCorruptionUI\": false,\n    \"FLCCorruptItemSlot\": \"None\",\n    \"FLCCraftUI\": false,\n    \"FLCCraftUIMaxType\": \"Common\",\n    \"FLCDiscount\": 0,\n    \"FLCDustReward\": 0,\n    \"FLCEvent\": \"\",\n    \"FLCExperienceReward\": 0,\n    \"FLCGoldReward\": 0,\n    \"FLCHealerUI\": false,\n    \"FLCLootList\": \"\",\n    \"FLCMaxQuantity\": 0,\n    \"FLCMerchantUI\": false,\n    \"FLCNodeTravel\": \"\",\n    \"FLCRemoveItemSlot\": \"None\",\n    \"FLCRequirementLock\": \"\",\n    \"FLCRequirementUnlock\": \"\",\n    \"FLCRequirementUnlock2\": \"\",\n    \"FLCRewardHealthFlat\": 0,\n    \"FLCRewardHealthPercent\": 0,\n    \"FLCRewardTier\": \"\",\n    \"FLCShopList\": \"\",\n    \"FLCSupplyReward\": 0,\n    \"FLCUnlockClass\": \"\",\n    \"FLCUnlockSteamAchievement\": \"\",\n    \"FLCUpgradeRandomCard\": false,\n    \"FLCUpgradeUI\": false,\n    \"RequirementCard\": \"\",\n    \"SSCardPlayerPairsGame\": false,\n    \"SSCardPlayerPairsGamePackData\": \"\",\n    \"SSCCardPlayerPairsGame\": false,\n    \"SSCCardPlayerPairsGamePackData\": \"\",\n    \"FLCardPlayerPairsGame\": false,\n    \"FLCardPlayerPairsGamePackData\": \"\",\n    \"FLCCardPlayerPairsGame\": false,\n    \"FLCCardPlayerPairsGamePackData\": \"\"\n}",
        "{\n    \"Name\": \"e_sen7_a5\",\n    \"ReplyActionText\": \"CharacterName\",\n    \"medsEvent\": \"\",\n    \"DustCost\": 0,\n    \"GoldCost\": 60,\n    \"IndexForAnswerTranslation\": 5,\n    \"RepeatForAllCharacters\": false,\n    \"RequiredClass\": \"ranger\",\n    \"Requirement\": \"\",\n    \"RequirementItem\": \"\",\n    \"ReplyShowCard\": \"\",\n    \"ReplyText\": \"I will cheat and use a special bait. Let's pay the 60 gold fee\",\n    \"SSRewardText\": \"The special bait Andrin used worked perfectly, he caught the biggest fish and the locals pay you the agreed gold.\\n\\nIn addition, thanks to the special bait, he also caught a carp for himself.\",\n    \"SSCRewardText\": \"\",\n    \"FLRewardText\": \"One of the werewolves notices that Andrin has done something with the bait and shouts:\\n\\n\\\"You cheater! Grrr grrr...\\\"\\n\\nTwo of them approach and attack you.\",\n    \"FLCRewardText\": \"\",\n    \"SSRoll\": true,\n    \"SSRollCard\": \"Skill\",\n    \"SSRollMode\": \"HigherOrEqual\",\n    \"SSRollNumber\": 0,\n    \"SSRollNumberCritical\": -1,\n    \"SSRollNumberCriticalFail\": -1,\n    \"SSRollTarget\": \"Character\",\n    \"SSCombat\": \"\",\n    \"SSCCombat\": \"\",\n    \"FLCombat\": \"esen_7a\",\n    \"FLCCombat\": \"\",\n    \"RequirementBlocked\": \"\",\n    \"RequirementMultiplayer\": false,\n    \"RequirementSku\": \"\",\n    \"SSAddCard1\": \"carp\",\n    \"SSAddCard2\": \"\",\n    \"SSAddCard3\": \"\",\n    \"SSAddItem\": \"\",\n    \"SSCardPlayerGame\": false,\n    \"SSCardPlayerGamePackData\": \"\",\n    \"SSCharacterReplacement\": \"\",\n    \"SSCharacterReplacementPosition\": 0,\n    \"SSCorruptionUI\": false,\n    \"SSCorruptItemSlot\": \"None\",\n    \"SSCraftUI\": false,\n    \"SSCraftUIMaxType\": \"Common\",\n    \"SSDiscount\": 0,\n    \"SSDustReward\": 0,\n    \"SSEvent\": \"\",\n    \"SSExperienceReward\": 16,\n    \"SSFinishEarlyAccess\": false,\n    \"SSFinishGame\": false,\n    \"SSFinishObeliskMap\": false,\n    \"SSGoldReward\": 45,\n    \"SSHealerUI\": false,\n    \"SSLootList\": \"\",\n    \"SSMaxQuantity\": 0,\n    \"SSMerchantUI\": false,\n    \"SSNodeTravel\": \"\",\n    \"SSPerkData\": \"\",\n    \"SSPerkData1\": \"\",\n    \"SSRemoveItemSlot\": \"None\",\n    \"SSRequirementLock\": \"\",\n    \"SSRequirementLock2\": \"\",\n    \"SSRequirementUnlock\": \"bigfish\",\n    \"SSRequirementUnlock2\": \"\",\n    \"SSRewardHealthFlat\": 0,\n    \"SSRewardHealthPercent\": 0,\n    \"SSRewardTier\": \"\",\n    \"SSShopList\": \"\",\n    \"SSSteamStat\": \"\",\n    \"SSSupplyReward\": 0,\n    \"SSUnlockClass\": \"\",\n    \"SSUnlockSkin\": \"\",\n    \"SSUnlockSteamAchievement\": \"\",\n    \"SSUpgradeRandomCard\": false,\n    \"SSUpgradeUI\": false,\n    \"SSCAddCard1\": \"\",\n    \"SSCAddCard2\": \"\",\n    \"SSCAddCard3\": \"\",\n    \"SSCAddItem\": \"\",\n    \"SSCCardPlayerGame\": false,\n    \"SSCCardPlayerGamePackData\": \"\",\n    \"SSCCorruptionUI\": false,\n    \"SSCCorruptItemSlot\": \"None\",\n    \"SSCCraftUI\": false,\n    \"SSCCraftUIMaxType\": \"Common\",\n    \"SSCDiscount\": 0,\n    \"SSCDustReward\": 0,\n    \"SSCEvent\": \"\",\n    \"SSCExperienceReward\": 0,\n    \"SSCFinishEarlyAccess\": false,\n    \"SSCFinishGame\": false,\n    \"SSCGoldReward\": 0,\n    \"SSCHealerUI\": false,\n    \"SSCLootList\": \"\",\n    \"SSCMaxQuantity\": 0,\n    \"SSCMerchantUI\": false,\n    \"SSCNodeTravel\": \"\",\n    \"SSCRemoveItemSlot\": \"None\",\n    \"SSCRequirementLock\": \"\",\n    \"SSCRequirementUnlock\": \"\",\n    \"SSCRequirementUnlock2\": \"\",\n    \"SSCRewardHealthFlat\": 0,\n    \"SSCRewardHealthPercent\": 0,\n    \"SSCRewardTier\": \"\",\n    \"SSCShopList\": \"\",\n    \"SSCSupplyReward\": 0,\n    \"SSCUnlockClass\": \"\",\n    \"SSCUnlockSteamAchievement\": \"\",\n    \"SSCUpgradeRandomCard\": false,\n    \"SSCUpgradeUI\": false,\n    \"FLAddCard1\": \"lowselfesteem\",\n    \"FLAddCard2\": \"\",\n    \"FLAddCard3\": \"\",\n    \"FLAddItem\": \"\",\n    \"FLCardPlayerGame\": false,\n    \"FLCardPlayerGamePackData\": \"\",\n    \"FLCorruptionUI\": false,\n    \"FLCorruptItemSlot\": \"None\",\n    \"FLCraftUI\": false,\n    \"FLCraftUIMaxType\": \"Common\",\n    \"FLDiscount\": 0,\n    \"FLDustReward\": 0,\n    \"FLEvent\": \"\",\n    \"FLExperienceReward\": 0,\n    \"FLGoldReward\": 0,\n    \"FLHealerUI\": false,\n    \"FLLootList\": \"\",\n    \"FLMaxQuantity\": 0,\n    \"FLMerchantUI\": false,\n    \"FLNodeTravel\": \"\",\n    \"FLRemoveItemSlot\": \"None\",\n    \"FLRequirementLock\": \"\",\n    \"FLRequirementUnlock\": \"bigfish\",\n    \"FLRequirementUnlock2\": \"\",\n    \"FLRewardHealthFlat\": 0,\n    \"FLRewardHealthPercent\": 0,\n    \"FLRewardTier\": \"\",\n    \"FLShopList\": \"\",\n    \"FLSupplyReward\": 0,\n    \"FLUnlockClass\": \"\",\n    \"FLUnlockSteamAchievement\": \"\",\n    \"FLUpgradeRandomCard\": false,\n    \"FLUpgradeUI\": false,\n    \"FLCAddCard1\": \"\",\n    \"FLCAddCard2\": \"\",\n    \"FLCAddCard3\": \"\",\n    \"FLCAddItem\": \"\",\n    \"FLCCardPlayerGame\": false,\n    \"FLCCardPlayerGamePackData\": \"\",\n    \"FLCCorruptionUI\": false,\n    \"FLCCorruptItemSlot\": \"None\",\n    \"FLCCraftUI\": false,\n    \"FLCCraftUIMaxType\": \"Common\",\n    \"FLCDiscount\": 0,\n    \"FLCDustReward\": 0,\n    \"FLCEvent\": \"\",\n    \"FLCExperienceReward\": 0,\n    \"FLCGoldReward\": 0,\n    \"FLCHealerUI\": false,\n    \"FLCLootList\": \"\",\n    \"FLCMaxQuantity\": 0,\n    \"FLCMerchantUI\": false,\n    \"FLCNodeTravel\": \"\",\n    \"FLCRemoveItemSlot\": \"None\",\n    \"FLCRequirementLock\": \"\",\n    \"FLCRequirementUnlock\": \"\",\n    \"FLCRequirementUnlock2\": \"\",\n    \"FLCRewardHealthFlat\": 0,\n    \"FLCRewardHealthPercent\": 0,\n    \"FLCRewardTier\": \"\",\n    \"FLCShopList\": \"\",\n    \"FLCSupplyReward\": 0,\n    \"FLCUnlockClass\": \"\",\n    \"FLCUnlockSteamAchievement\": \"\",\n    \"FLCUpgradeRandomCard\": false,\n    \"FLCUpgradeUI\": false,\n    \"RequirementCard\": \"\",\n    \"SSCardPlayerPairsGame\": false,\n    \"SSCardPlayerPairsGamePackData\": \"\",\n    \"SSCCardPlayerPairsGame\": false,\n    \"SSCCardPlayerPairsGamePackData\": \"\",\n    \"FLCardPlayerPairsGame\": false,\n    \"FLCardPlayerPairsGamePackData\": \"\",\n    \"FLCCardPlayerPairsGame\": false,\n    \"FLCCardPlayerPairsGamePackData\": \"\"\n}",
        "{\n    \"Name\": \"e_sen7_a6\",\n    \"ReplyActionText\": \"CharacterName\",\n    \"medsEvent\": \"\",\n    \"DustCost\": 0,\n    \"GoldCost\": 60,\n    \"IndexForAnswerTranslation\": 6,\n    \"RepeatForAllCharacters\": false,\n    \"RequiredClass\": \"minstrel\",\n    \"Requirement\": \"\",\n    \"RequirementItem\": \"\",\n    \"ReplyShowCard\": \"\",\n    \"ReplyText\": \"I am the best swimmer... Let's pay the 60 gold fee\",\n    \"SSRewardText\": \"When Gustav was looking for a fish, he sees something shiny on the bottom of the lake that looks like a bag of coins.\\n\\nHe decides that the bag of coins is more valuable so he grabs it and also grabs the first fish he finds.\\n\\nYou didn't win the contest, however you won more gold with the bag of coins.\",\n    \"SSCRewardText\": \"\",\n    \"FLRewardText\": \"\",\n    \"FLCRewardText\": \"\",\n    \"SSRoll\": false,\n    \"SSRollCard\": \"None\",\n    \"SSRollMode\": \"HigherOrEqual\",\n    \"SSRollNumber\": 0,\n    \"SSRollNumberCritical\": -1,\n    \"SSRollNumberCriticalFail\": -1,\n    \"SSRollTarget\": \"Single\",\n    \"SSCombat\": \"\",\n    \"SSCCombat\": \"\",\n    \"FLCombat\": \"\",\n    \"FLCCombat\": \"\",\n    \"RequirementBlocked\": \"\",\n    \"RequirementMultiplayer\": false,\n    \"RequirementSku\": \"\",\n    \"SSAddCard1\": \"\",\n    \"SSAddCard2\": \"\",\n    \"SSAddCard3\": \"\",\n    \"SSAddItem\": \"\",\n    \"SSCardPlayerGame\": false,\n    \"SSCardPlayerGamePackData\": \"\",\n    \"SSCharacterReplacement\": \"\",\n    \"SSCharacterReplacementPosition\": 0,\n    \"SSCorruptionUI\": false,\n    \"SSCorruptItemSlot\": \"None\",\n    \"SSCraftUI\": false,\n    \"SSCraftUIMaxType\": \"Common\",\n    \"SSDiscount\": 0,\n    \"SSDustReward\": 0,\n    \"SSEvent\": \"\",\n    \"SSExperienceReward\": 14,\n    \"SSFinishEarlyAccess\": false,\n    \"SSFinishGame\": false,\n    \"SSFinishObeliskMap\": false,\n    \"SSGoldReward\": 150,\n    \"SSHealerUI\": false,\n    \"SSLootList\": \"\",\n    \"SSMaxQuantity\": 0,\n    \"SSMerchantUI\": false,\n    \"SSNodeTravel\": \"\",\n    \"SSPerkData\": \"\",\n    \"SSPerkData1\": \"\",\n    \"SSRemoveItemSlot\": \"None\",\n    \"SSRequirementLock\": \"\",\n    \"SSRequirementLock2\": \"\",\n    \"SSRequirementUnlock\": \"bigfish\",\n    \"SSRequirementUnlock2\": \"\",\n    \"SSRewardHealthFlat\": 0,\n    \"SSRewardHealthPercent\": 0,\n    \"SSRewardTier\": \"\",\n    \"SSShopList\": \"\",\n    \"SSSteamStat\": \"\",\n    \"SSSupplyReward\": 0,\n    \"SSUnlockClass\": \"\",\n    \"SSUnlockSkin\": \"\",\n    \"SSUnlockSteamAchievement\": \"\",\n    \"SSUpgradeRandomCard\": false,\n    \"SSUpgradeUI\": false,\n    \"SSCAddCard1\": \"\",\n    \"SSCAddCard2\": \"\",\n    \"SSCAddCard3\": \"\",\n    \"SSCAddItem\": \"\",\n    \"SSCCardPlayerGame\": false,\n    \"SSCCardPlayerGamePackData\": \"\",\n    \"SSCCorruptionUI\": false,\n    \"SSCCorruptItemSlot\": \"None\",\n    \"SSCCraftUI\": false,\n    \"SSCCraftUIMaxType\": \"Common\",\n    \"SSCDiscount\": 0,\n    \"SSCDustReward\": 0,\n    \"SSCEvent\": \"\",\n    \"SSCExperienceReward\": 0,\n    \"SSCFinishEarlyAccess\": false,\n    \"SSCFinishGame\": false,\n    \"SSCGoldReward\": 0,\n    \"SSCHealerUI\": false,\n    \"SSCLootList\": \"\",\n    \"SSCMaxQuantity\": 0,\n    \"SSCMerchantUI\": false,\n    \"SSCNodeTravel\": \"\",\n    \"SSCRemoveItemSlot\": \"None\",\n    \"SSCRequirementLock\": \"\",\n    \"SSCRequirementUnlock\": \"\",\n    \"SSCRequirementUnlock2\": \"\",\n    \"SSCRewardHealthFlat\": 0,\n    \"SSCRewardHealthPercent\": 0,\n    \"SSCRewardTier\": \"\",\n    \"SSCShopList\": \"\",\n    \"SSCSupplyReward\": 0,\n    \"SSCUnlockClass\": \"\",\n    \"SSCUnlockSteamAchievement\": \"\",\n    \"SSCUpgradeRandomCard\": false,\n    \"SSCUpgradeUI\": false,\n    \"FLAddCard1\": \"\",\n    \"FLAddCard2\": \"\",\n    \"FLAddCard3\": \"\",\n    \"FLAddItem\": \"\",\n    \"FLCardPlayerGame\": false,\n    \"FLCardPlayerGamePackData\": \"\",\n    \"FLCorruptionUI\": false,\n    \"FLCorruptItemSlot\": \"None\",\n    \"FLCraftUI\": false,\n    \"FLCraftUIMaxType\": \"Common\",\n    \"FLDiscount\": 0,\n    \"FLDustReward\": 0,\n    \"FLEvent\": \"\",\n    \"FLExperienceReward\": 0,\n    \"FLGoldReward\": 0,\n    \"FLHealerUI\": false,\n    \"FLLootList\": \"\",\n    \"FLMaxQuantity\": 0,\n    \"FLMerchantUI\": false,\n    \"FLNodeTravel\": \"\",\n    \"FLRemoveItemSlot\": \"None\",\n    \"FLRequirementLock\": \"\",\n    \"FLRequirementUnlock\": \"\",\n    \"FLRequirementUnlock2\": \"\",\n    \"FLRewardHealthFlat\": 0,\n    \"FLRewardHealthPercent\": 0,\n    \"FLRewardTier\": \"\",\n    \"FLShopList\": \"\",\n    \"FLSupplyReward\": 0,\n    \"FLUnlockClass\": \"\",\n    \"FLUnlockSteamAchievement\": \"\",\n    \"FLUpgradeRandomCard\": false,\n    \"FLUpgradeUI\": false,\n    \"FLCAddCard1\": \"\",\n    \"FLCAddCard2\": \"\",\n    \"FLCAddCard3\": \"\",\n    \"FLCAddItem\": \"\",\n    \"FLCCardPlayerGame\": false,\n    \"FLCCardPlayerGamePackData\": \"\",\n    \"FLCCorruptionUI\": false,\n    \"FLCCorruptItemSlot\": \"None\",\n    \"FLCCraftUI\": false,\n    \"FLCCraftUIMaxType\": \"Common\",\n    \"FLCDiscount\": 0,\n    \"FLCDustReward\": 0,\n    \"FLCEvent\": \"\",\n    \"FLCExperienceReward\": 0,\n    \"FLCGoldReward\": 0,\n    \"FLCHealerUI\": false,\n    \"FLCLootList\": \"\",\n    \"FLCMaxQuantity\": 0,\n    \"FLCMerchantUI\": false,\n    \"FLCNodeTravel\": \"\",\n    \"FLCRemoveItemSlot\": \"None\",\n    \"FLCRequirementLock\": \"\",\n    \"FLCRequirementUnlock\": \"\",\n    \"FLCRequirementUnlock2\": \"\",\n    \"FLCRewardHealthFlat\": 0,\n    \"FLCRewardHealthPercent\": 0,\n    \"FLCRewardTier\": \"\",\n    \"FLCShopList\": \"\",\n    \"FLCSupplyReward\": 0,\n    \"FLCUnlockClass\": \"\",\n    \"FLCUnlockSteamAchievement\": \"\",\n    \"FLCUpgradeRandomCard\": false,\n    \"FLCUpgradeUI\": false,\n    \"RequirementCard\": \"\",\n    \"SSCardPlayerPairsGame\": false,\n    \"SSCardPlayerPairsGamePackData\": \"\",\n    \"SSCCardPlayerPairsGame\": false,\n    \"SSCCardPlayerPairsGamePackData\": \"\",\n    \"FLCardPlayerPairsGame\": false,\n    \"FLCardPlayerPairsGamePackData\": \"\",\n    \"FLCCardPlayerPairsGame\": false,\n    \"FLCCardPlayerPairsGamePackData\": \"\"\n}",
        "{\n    \"Name\": \"e_sen7_a7\",\n    \"ReplyActionText\": \"CharacterName\",\n    \"medsEvent\": \"\",\n    \"DustCost\": 0,\n    \"GoldCost\": 60,\n    \"IndexForAnswerTranslation\": 7,\n    \"RepeatForAllCharacters\": false,\n    \"RequiredClass\": \"berserker\",\n    \"Requirement\": \"\",\n    \"RequirementItem\": \"\",\n    \"ReplyShowCard\": \"carp\",\n    \"ReplyText\": \"I am an expert of this lake... Let's pay the 60 gold fee\",\n    \"SSRewardText\": \"Lately Grukli comes a lot to fish in this lake and these fish are one of his favorite foods, so he has no problem catching the biggest fish for the competition and also catches a carp for himself.\\n\\nThe werewolves pay you the agreed gold.\",\n    \"SSCRewardText\": \"\",\n    \"FLRewardText\": \"\",\n    \"FLCRewardText\": \"\",\n    \"SSRoll\": false,\n    \"SSRollCard\": \"None\",\n    \"SSRollMode\": \"HigherOrEqual\",\n    \"SSRollNumber\": 0,\n    \"SSRollNumberCritical\": -1,\n    \"SSRollNumberCriticalFail\": -1,\n    \"SSRollTarget\": \"Single\",\n    \"SSCombat\": \"\",\n    \"SSCCombat\": \"\",\n    \"FLCombat\": \"\",\n    \"FLCCombat\": \"\",\n    \"RequirementBlocked\": \"\",\n    \"RequirementMultiplayer\": false,\n    \"RequirementSku\": \"\",\n    \"SSAddCard1\": \"carp\",\n    \"SSAddCard2\": \"\",\n    \"SSAddCard3\": \"\",\n    \"SSAddItem\": \"\",\n    \"SSCardPlayerGame\": false,\n    \"SSCardPlayerGamePackData\": \"\",\n    \"SSCharacterReplacement\": \"\",\n    \"SSCharacterReplacementPosition\": 0,\n    \"SSCorruptionUI\": false,\n    \"SSCorruptItemSlot\": \"None\",\n    \"SSCraftUI\": false,\n    \"SSCraftUIMaxType\": \"Common\",\n    \"SSDiscount\": 0,\n    \"SSDustReward\": 0,\n    \"SSEvent\": \"\",\n    \"SSExperienceReward\": 15,\n    \"SSFinishEarlyAccess\": false,\n    \"SSFinishGame\": false,\n    \"SSFinishObeliskMap\": false,\n    \"SSGoldReward\": 0,\n    \"SSHealerUI\": false,\n    \"SSLootList\": \"\",\n    \"SSMaxQuantity\": 0,\n    \"SSMerchantUI\": false,\n    \"SSNodeTravel\": \"\",\n    \"SSPerkData\": \"\",\n    \"SSPerkData1\": \"\",\n    \"SSRemoveItemSlot\": \"None\",\n    \"SSRequirementLock\": \"\",\n    \"SSRequirementLock2\": \"\",\n    \"SSRequirementUnlock\": \"bigfish\",\n    \"SSRequirementUnlock2\": \"\",\n    \"SSRewardHealthFlat\": 0,\n    \"SSRewardHealthPercent\": 0,\n    \"SSRewardTier\": \"\",\n    \"SSShopList\": \"\",\n    \"SSSteamStat\": \"\",\n    \"SSSupplyReward\": 0,\n    \"SSUnlockClass\": \"\",\n    \"SSUnlockSkin\": \"\",\n    \"SSUnlockSteamAchievement\": \"\",\n    \"SSUpgradeRandomCard\": false,\n    \"SSUpgradeUI\": false,\n    \"SSCAddCard1\": \"\",\n    \"SSCAddCard2\": \"\",\n    \"SSCAddCard3\": \"\",\n    \"SSCAddItem\": \"\",\n    \"SSCCardPlayerGame\": false,\n    \"SSCCardPlayerGamePackData\": \"\",\n    \"SSCCorruptionUI\": false,\n    \"SSCCorruptItemSlot\": \"None\",\n    \"SSCCraftUI\": false,\n    \"SSCCraftUIMaxType\": \"Common\",\n    \"SSCDiscount\": 0,\n    \"SSCDustReward\": 0,\n    \"SSCEvent\": \"\",\n    \"SSCExperienceReward\": 0,\n    \"SSCFinishEarlyAccess\": false,\n    \"SSCFinishGame\": false,\n    \"SSCGoldReward\": 0,\n    \"SSCHealerUI\": false,\n    \"SSCLootList\": \"\",\n    \"SSCMaxQuantity\": 0,\n    \"SSCMerchantUI\": false,\n    \"SSCNodeTravel\": \"\",\n    \"SSCRemoveItemSlot\": \"None\",\n    \"SSCRequirementLock\": \"\",\n    \"SSCRequirementUnlock\": \"\",\n    \"SSCRequirementUnlock2\": \"\",\n    \"SSCRewardHealthFlat\": 0,\n    \"SSCRewardHealthPercent\": 0,\n    \"SSCRewardTier\": \"\",\n    \"SSCShopList\": \"\",\n    \"SSCSupplyReward\": 0,\n    \"SSCUnlockClass\": \"\",\n    \"SSCUnlockSteamAchievement\": \"\",\n    \"SSCUpgradeRandomCard\": false,\n    \"SSCUpgradeUI\": false,\n    \"FLAddCard1\": \"\",\n    \"FLAddCard2\": \"\",\n    \"FLAddCard3\": \"\",\n    \"FLAddItem\": \"\",\n    \"FLCardPlayerGame\": false,\n    \"FLCardPlayerGamePackData\": \"\",\n    \"FLCorruptionUI\": false,\n    \"FLCorruptItemSlot\": \"None\",\n    \"FLCraftUI\": false,\n    \"FLCraftUIMaxType\": \"Common\",\n    \"FLDiscount\": 0,\n    \"FLDustReward\": 0,\n    \"FLEvent\": \"\",\n    \"FLExperienceReward\": 0,\n    \"FLGoldReward\": 0,\n    \"FLHealerUI\": false,\n    \"FLLootList\": \"\",\n    \"FLMaxQuantity\": 0,\n    \"FLMerchantUI\": false,\n    \"FLNodeTravel\": \"\",\n    \"FLRemoveItemSlot\": \"None\",\n    \"FLRequirementLock\": \"\",\n    \"FLRequirementUnlock\": \"\",\n    \"FLRequirementUnlock2\": \"\",\n    \"FLRewardHealthFlat\": 0,\n    \"FLRewardHealthPercent\": 0,\n    \"FLRewardTier\": \"\",\n    \"FLShopList\": \"\",\n    \"FLSupplyReward\": 0,\n    \"FLUnlockClass\": \"\",\n    \"FLUnlockSteamAchievement\": \"\",\n    \"FLUpgradeRandomCard\": false,\n    \"FLUpgradeUI\": false,\n    \"FLCAddCard1\": \"\",\n    \"FLCAddCard2\": \"\",\n    \"FLCAddCard3\": \"\",\n    \"FLCAddItem\": \"\",\n    \"FLCCardPlayerGame\": false,\n    \"FLCCardPlayerGamePackData\": \"\",\n    \"FLCCorruptionUI\": false,\n    \"FLCCorruptItemSlot\": \"None\",\n    \"FLCCraftUI\": false,\n    \"FLCCraftUIMaxType\": \"Common\",\n    \"FLCDiscount\": 0,\n    \"FLCDustReward\": 0,\n    \"FLCEvent\": \"\",\n    \"FLCExperienceReward\": 0,\n    \"FLCGoldReward\": 0,\n    \"FLCHealerUI\": false,\n    \"FLCLootList\": \"\",\n    \"FLCMaxQuantity\": 0,\n    \"FLCMerchantUI\": false,\n    \"FLCNodeTravel\": \"\",\n    \"FLCRemoveItemSlot\": \"None\",\n    \"FLCRequirementLock\": \"\",\n    \"FLCRequirementUnlock\": \"\",\n    \"FLCRequirementUnlock2\": \"\",\n    \"FLCRewardHealthFlat\": 0,\n    \"FLCRewardHealthPercent\": 0,\n    \"FLCRewardTier\": \"\",\n    \"FLCShopList\": \"\",\n    \"FLCSupplyReward\": 0,\n    \"FLCUnlockClass\": \"\",\n    \"FLCUnlockSteamAchievement\": \"\",\n    \"FLCUpgradeRandomCard\": false,\n    \"FLCUpgradeUI\": false,\n    \"RequirementCard\": \"\",\n    \"SSCardPlayerPairsGame\": false,\n    \"SSCardPlayerPairsGamePackData\": \"\",\n    \"SSCCardPlayerPairsGame\": false,\n    \"SSCCardPlayerPairsGamePackData\": \"\",\n    \"FLCardPlayerPairsGame\": false,\n    \"FLCardPlayerPairsGamePackData\": \"\",\n    \"FLCCardPlayerPairsGame\": false,\n    \"FLCCardPlayerPairsGamePackData\": \"\"\n}",
        "{\n    \"Name\": \"e_sen7_a8\",\n    \"ReplyActionText\": \"Explore\",\n    \"medsEvent\": \"\",\n    \"DustCost\": 0,\n    \"GoldCost\": 60,\n    \"IndexForAnswerTranslation\": 8,\n    \"RepeatForAllCharacters\": false,\n    \"RequiredClass\": \"\",\n    \"Requirement\": \"\",\n    \"RequirementItem\": \"\",\n    \"ReplyShowCard\": \"\",\n    \"ReplyText\": \"Ignore the werewolf and investigate the origins of a small cloud of smoke drifting over the nearby trees.\",\n    \"SSRewardText\": \"There are people nearby.\",\n    \"SSCRewardText\": \"\",\n    \"FLRewardText\": \"\",\n    \"FLCRewardText\": \"\",\n    \"SSRoll\": false,\n    \"SSRollCard\": \"None\",\n    \"SSRollMode\": \"HigherOrEqual\",\n    \"SSRollNumber\": 0,\n    \"SSRollNumberCritical\": -1,\n    \"SSRollNumberCriticalFail\": -1,\n    \"SSRollTarget\": \"Single\",\n    \"SSCombat\": \"\",\n    \"SSCCombat\": \"\",\n    \"FLCombat\": \"\",\n    \"FLCCombat\": \"\",\n    \"RequirementBlocked\": \"\",\n    \"RequirementMultiplayer\": false,\n    \"RequirementSku\": \"\",\n    \"SSAddCard1\": \"\",\n    \"SSAddCard2\": \"\",\n    \"SSAddCard3\": \"\",\n    \"SSAddItem\": \"\",\n    \"SSCardPlayerGame\": false,\n    \"SSCardPlayerGamePackData\": \"\",\n    \"SSCharacterReplacement\": \"\",\n    \"SSCharacterReplacementPosition\": 0,\n    \"SSCorruptionUI\": false,\n    \"SSCorruptItemSlot\": \"None\",\n    \"SSCraftUI\": false,\n    \"SSCraftUIMaxType\": \"Common\",\n    \"SSDiscount\": 0,\n    \"SSDustReward\": 0,\n    \"SSEvent\": \"e_sen7_c\",\n    \"SSExperienceReward\": 0,\n    \"SSFinishEarlyAccess\": false,\n    \"SSFinishGame\": false,\n    \"SSFinishObeliskMap\": false,\n    \"SSGoldReward\": 0,\n    \"SSHealerUI\": false,\n    \"SSLootList\": \"\",\n    \"SSMaxQuantity\": 0,\n    \"SSMerchantUI\": false,\n    \"SSNodeTravel\": \"\",\n    \"SSPerkData\": \"\",\n    \"SSPerkData1\": \"\",\n    \"SSRemoveItemSlot\": \"None\",\n    \"SSRequirementLock\": \"\",\n    \"SSRequirementLock2\": \"\",\n    \"SSRequirementUnlock\": \"\",\n    \"SSRequirementUnlock2\": \"\",\n    \"SSRewardHealthFlat\": 0,\n    \"SSRewardHealthPercent\": 0,\n    \"SSRewardTier\": \"\",\n    \"SSShopList\": \"\",\n    \"SSSteamStat\": \"\",\n    \"SSSupplyReward\": 0,\n    \"SSUnlockClass\": \"\",\n    \"SSUnlockSkin\": \"\",\n    \"SSUnlockSteamAchievement\": \"\",\n    \"SSUpgradeRandomCard\": false,\n    \"SSUpgradeUI\": false,\n    \"SSCAddCard1\": \"\",\n    \"SSCAddCard2\": \"\",\n    \"SSCAddCard3\": \"\",\n    \"SSCAddItem\": \"\",\n    \"SSCCardPlayerGame\": false,\n    \"SSCCardPlayerGamePackData\": \"\",\n    \"SSCCorruptionUI\": false,\n    \"SSCCorruptItemSlot\": \"None\",\n    \"SSCCraftUI\": false,\n    \"SSCCraftUIMaxType\": \"Common\",\n    \"SSCDiscount\": 0,\n    \"SSCDustReward\": 0,\n    \"SSCEvent\": \"\",\n    \"SSCExperienceReward\": 0,\n    \"SSCFinishEarlyAccess\": false,\n    \"SSCFinishGame\": false,\n    \"SSCGoldReward\": 0,\n    \"SSCHealerUI\": false,\n    \"SSCLootList\": \"\",\n    \"SSCMaxQuantity\": 0,\n    \"SSCMerchantUI\": false,\n    \"SSCNodeTravel\": \"\",\n    \"SSCRemoveItemSlot\": \"None\",\n    \"SSCRequirementLock\": \"\",\n    \"SSCRequirementUnlock\": \"\",\n    \"SSCRequirementUnlock2\": \"\",\n    \"SSCRewardHealthFlat\": 0,\n    \"SSCRewardHealthPercent\": 0,\n    \"SSCRewardTier\": \"\",\n    \"SSCShopList\": \"\",\n    \"SSCSupplyReward\": 0,\n    \"SSCUnlockClass\": \"\",\n    \"SSCUnlockSteamAchievement\": \"\",\n    \"SSCUpgradeRandomCard\": false,\n    \"SSCUpgradeUI\": false,\n    \"FLAddCard1\": \"\",\n    \"FLAddCard2\": \"\",\n    \"FLAddCard3\": \"\",\n    \"FLAddItem\": \"\",\n    \"FLCardPlayerGame\": false,\n    \"FLCardPlayerGamePackData\": \"\",\n    \"FLCorruptionUI\": false,\n    \"FLCorruptItemSlot\": \"None\",\n    \"FLCraftUI\": false,\n    \"FLCraftUIMaxType\": \"Common\",\n    \"FLDiscount\": 0,\n    \"FLDustReward\": 0,\n    \"FLEvent\": \"\",\n    \"FLExperienceReward\": 0,\n    \"FLGoldReward\": 0,\n    \"FLHealerUI\": false,\n    \"FLLootList\": \"\",\n    \"FLMaxQuantity\": 0,\n    \"FLMerchantUI\": false,\n    \"FLNodeTravel\": \"\",\n    \"FLRemoveItemSlot\": \"None\",\n    \"FLRequirementLock\": \"\",\n    \"FLRequirementUnlock\": \"\",\n    \"FLRequirementUnlock2\": \"\",\n    \"FLRewardHealthFlat\": 0,\n    \"FLRewardHealthPercent\": 0,\n    \"FLRewardTier\": \"\",\n    \"FLShopList\": \"\",\n    \"FLSupplyReward\": 0,\n    \"FLUnlockClass\": \"\",\n    \"FLUnlockSteamAchievement\": \"\",\n    \"FLUpgradeRandomCard\": false,\n    \"FLUpgradeUI\": false,\n    \"FLCAddCard1\": \"\",\n    \"FLCAddCard2\": \"\",\n    \"FLCAddCard3\": \"\",\n    \"FLCAddItem\": \"\",\n    \"FLCCardPlayerGame\": false,\n    \"FLCCardPlayerGamePackData\": \"\",\n    \"FLCCorruptionUI\": false,\n    \"FLCCorruptItemSlot\": \"None\",\n    \"FLCCraftUI\": false,\n    \"FLCCraftUIMaxType\": \"Common\",\n    \"FLCDiscount\": 0,\n    \"FLCDustReward\": 0,\n    \"FLCEvent\": \"\",\n    \"FLCExperienceReward\": 0,\n    \"FLCGoldReward\": 0,\n    \"FLCHealerUI\": false,\n    \"FLCLootList\": \"\",\n    \"FLCMaxQuantity\": 0,\n    \"FLCMerchantUI\": false,\n    \"FLCNodeTravel\": \"\",\n    \"FLCRemoveItemSlot\": \"None\",\n    \"FLCRequirementLock\": \"\",\n    \"FLCRequirementUnlock\": \"\",\n    \"FLCRequirementUnlock2\": \"\",\n    \"FLCRewardHealthFlat\": 0,\n    \"FLCRewardHealthPercent\": 0,\n    \"FLCRewardTier\": \"\",\n    \"FLCShopList\": \"\",\n    \"FLCSupplyReward\": 0,\n    \"FLCUnlockClass\": \"\",\n    \"FLCUnlockSteamAchievement\": \"\",\n    \"FLCUpgradeRandomCard\": false,\n    \"FLCUpgradeUI\": false,\n    \"RequirementCard\": \"\",\n    \"SSCardPlayerPairsGame\": false,\n    \"SSCardPlayerPairsGamePackData\": \"\",\n    \"SSCCardPlayerPairsGame\": false,\n    \"SSCCardPlayerPairsGamePackData\": \"\",\n    \"FLCardPlayerPairsGame\": false,\n    \"FLCardPlayerPairsGamePackData\": \"\",\n    \"FLCCardPlayerPairsGame\": false,\n    \"FLCCardPlayerPairsGamePackData\": \"\"\n}"
    ],
    "RequiredClass": "",
    "Requirement": "",
    "medsNode": "sen_7",
    "medsPercent": 80,
    "medsPriority": 0
}
