{
    "EventID": "e_subterriver7_a",
    "EventName": "The lonely untouchable",
    "Description": "A flame shines in the dark, pulling you to it like a moth drawn to light. While you approach what appears to be a solitary traveler's camp, you notice the person is heavily bandaged from head to toe. Even in the dark with only the flickering light to aid your sight, you can tell the bandages are old and crusted and reflect an odd green sheen. \n\nWhen you are standing at the campsite's edge, the man speaks:\n\n\"O-oh, hi... Didn't see you there, friend. Care to share the fire? Don't get too close though,\" the man coughs, \"wouldn't want you to get sick. . . \"\n\nYou hesitantly sit at the fire and ask the man how he came to be here.\n\n\"I used to be a traveling scribe, roaming from village to village, kingdom to kingdom, trading labor for food and lodging. It was a carefree existence, and through my travels I learned many languages and saw many things, often joining groups of warriors such as yourselves to see the far reaches of the world. . .\", the man pauses momentarily before continuing, \"but I had never heard of the Green Death until it had already taken hold of my body. . .\"\n\nThe untouchable stops speaking and droops forward briefly. He raises his head to look at you and you notice a gleam has been cast over his single, unbandaged eye.",
    "DescriptionAction": "How do you proceed?",
    "EventIconShader": "None",
    "EventSpriteBook": "even_spider_poison",
    "EventSpriteDecor": "",
    "EventSpriteMap": "nodeIconEventTeal",
    "EventTier": "T0",
    "EventUniqueID": "",
    "HistoryMode": false,
    "ReplyRandom": 0,
    "Replies": [
        "{\n    \"Name\": \"e_subterriver7_a0\",\n    \"ReplyActionText\": \"Leave\",\n    \"medsEvent\": \"\",\n    \"DustCost\": 0,\n    \"GoldCost\": 0,\n    \"IndexForAnswerTranslation\": 0,\n    \"RepeatForAllCharacters\": false,\n    \"RequiredClass\": \"\",\n    \"Requirement\": \"\",\n    \"RequirementItem\": \"\",\n    \"ReplyShowCard\": \"\",\n    \"ReplyText\": \"You are wary of the man's strange illness.\",\n    \"SSRewardText\": \"You decide to stand up and wander back into the darkness, hearing a soft \\\"f-farewell, friend\\\" follow you through the shadows.\",\n    \"SSCRewardText\": \"\",\n    \"FLRewardText\": \"\",\n    \"FLCRewardText\": \"\",\n    \"SSRoll\": false,\n    \"SSRollCard\": \"None\",\n    \"SSRollMode\": \"HigherOrEqual\",\n    \"SSRollNumber\": 0,\n    \"SSRollNumberCritical\": -1,\n    \"SSRollNumberCriticalFail\": -1,\n    \"SSRollTarget\": \"Single\",\n    \"SSCombat\": \"\",\n    \"SSCCombat\": \"\",\n    \"FLCombat\": \"\",\n    \"FLCCombat\": \"\",\n    \"RequirementBlocked\": \"\",\n    \"RequirementMultiplayer\": false,\n    \"RequirementSku\": \"\",\n    \"SSAddCard1\": \"\",\n    \"SSAddCard2\": \"\",\n    \"SSAddCard3\": \"\",\n    \"SSAddItem\": \"\",\n    \"SSCardPlayerGame\": false,\n    \"SSCardPlayerGamePackData\": \"\",\n    \"SSCharacterReplacement\": \"\",\n    \"SSCharacterReplacementPosition\": 0,\n    \"SSCorruptionUI\": false,\n    \"SSCorruptItemSlot\": \"None\",\n    \"SSCraftUI\": false,\n    \"SSCraftUIMaxType\": \"Common\",\n    \"SSDiscount\": 0,\n    \"SSDustReward\": 0,\n    \"SSEvent\": \"\",\n    \"SSExperienceReward\": 0,\n    \"SSFinishEarlyAccess\": false,\n    \"SSFinishGame\": false,\n    \"SSFinishObeliskMap\": false,\n    \"SSGoldReward\": 0,\n    \"SSHealerUI\": false,\n    \"SSLootList\": \"\",\n    \"SSMaxQuantity\": 0,\n    \"SSMerchantUI\": false,\n    \"SSNodeTravel\": \"\",\n    \"SSPerkData\": \"\",\n    \"SSPerkData1\": \"\",\n    \"SSRemoveItemSlot\": \"None\",\n    \"SSRequirementLock\": \"\",\n    \"SSRequirementLock2\": \"\",\n    \"SSRequirementUnlock\": \"\",\n    \"SSRequirementUnlock2\": \"\",\n    \"SSRewardHealthFlat\": 0,\n    \"SSRewardHealthPercent\": 0,\n    \"SSRewardTier\": \"\",\n    \"SSShopList\": \"\",\n    \"SSSteamStat\": \"\",\n    \"SSSupplyReward\": 0,\n    \"SSUnlockClass\": \"\",\n    \"SSUnlockSkin\": \"\",\n    \"SSUnlockSteamAchievement\": \"\",\n    \"SSUpgradeRandomCard\": false,\n    \"SSUpgradeUI\": false,\n    \"SSCAddCard1\": \"\",\n    \"SSCAddCard2\": \"\",\n    \"SSCAddCard3\": \"\",\n    \"SSCAddItem\": \"\",\n    \"SSCCardPlayerGame\": false,\n    \"SSCCardPlayerGamePackData\": \"\",\n    \"SSCCorruptionUI\": false,\n    \"SSCCorruptItemSlot\": \"None\",\n    \"SSCCraftUI\": false,\n    \"SSCCraftUIMaxType\": \"Common\",\n    \"SSCDiscount\": 0,\n    \"SSCDustReward\": 0,\n    \"SSCEvent\": \"\",\n    \"SSCExperienceReward\": 0,\n    \"SSCFinishEarlyAccess\": false,\n    \"SSCFinishGame\": false,\n    \"SSCGoldReward\": 0,\n    \"SSCHealerUI\": false,\n    \"SSCLootList\": \"\",\n    \"SSCMaxQuantity\": 0,\n    \"SSCMerchantUI\": false,\n    \"SSCNodeTravel\": \"\",\n    \"SSCRemoveItemSlot\": \"None\",\n    \"SSCRequirementLock\": \"\",\n    \"SSCRequirementUnlock\": \"\",\n    \"SSCRequirementUnlock2\": \"\",\n    \"SSCRewardHealthFlat\": 0,\n    \"SSCRewardHealthPercent\": 0,\n    \"SSCRewardTier\": \"\",\n    \"SSCShopList\": \"\",\n    \"SSCSupplyReward\": 0,\n    \"SSCUnlockClass\": \"\",\n    \"SSCUnlockSteamAchievement\": \"\",\n    \"SSCUpgradeRandomCard\": false,\n    \"SSCUpgradeUI\": false,\n    \"FLAddCard1\": \"\",\n    \"FLAddCard2\": \"\",\n    \"FLAddCard3\": \"\",\n    \"FLAddItem\": \"\",\n    \"FLCardPlayerGame\": false,\n    \"FLCardPlayerGamePackData\": \"\",\n    \"FLCorruptionUI\": false,\n    \"FLCorruptItemSlot\": \"None\",\n    \"FLCraftUI\": false,\n    \"FLCraftUIMaxType\": \"Common\",\n    \"FLDiscount\": 0,\n    \"FLDustReward\": 0,\n    \"FLEvent\": \"\",\n    \"FLExperienceReward\": 0,\n    \"FLGoldReward\": 0,\n    \"FLHealerUI\": false,\n    \"FLLootList\": \"\",\n    \"FLMaxQuantity\": 0,\n    \"FLMerchantUI\": false,\n    \"FLNodeTravel\": \"\",\n    \"FLRemoveItemSlot\": \"None\",\n    \"FLRequirementLock\": \"\",\n    \"FLRequirementUnlock\": \"\",\n    \"FLRequirementUnlock2\": \"\",\n    \"FLRewardHealthFlat\": 0,\n    \"FLRewardHealthPercent\": 0,\n    \"FLRewardTier\": \"\",\n    \"FLShopList\": \"\",\n    \"FLSupplyReward\": 0,\n    \"FLUnlockClass\": \"\",\n    \"FLUnlockSteamAchievement\": \"\",\n    \"FLUpgradeRandomCard\": false,\n    \"FLUpgradeUI\": false,\n    \"FLCAddCard1\": \"\",\n    \"FLCAddCard2\": \"\",\n    \"FLCAddCard3\": \"\",\n    \"FLCAddItem\": \"\",\n    \"FLCCardPlayerGame\": false,\n    \"FLCCardPlayerGamePackData\": \"\",\n    \"FLCCorruptionUI\": false,\n    \"FLCCorruptItemSlot\": \"None\",\n    \"FLCCraftUI\": false,\n    \"FLCCraftUIMaxType\": \"Common\",\n    \"FLCDiscount\": 0,\n    \"FLCDustReward\": 0,\n    \"FLCEvent\": \"\",\n    \"FLCExperienceReward\": 0,\n    \"FLCGoldReward\": 0,\n    \"FLCHealerUI\": false,\n    \"FLCLootList\": \"\",\n    \"FLCMaxQuantity\": 0,\n    \"FLCMerchantUI\": false,\n    \"FLCNodeTravel\": \"\",\n    \"FLCRemoveItemSlot\": \"None\",\n    \"FLCRequirementLock\": \"\",\n    \"FLCRequirementUnlock\": \"\",\n    \"FLCRequirementUnlock2\": \"\",\n    \"FLCRewardHealthFlat\": 0,\n    \"FLCRewardHealthPercent\": 0,\n    \"FLCRewardTier\": \"\",\n    \"FLCShopList\": \"\",\n    \"FLCSupplyReward\": 0,\n    \"FLCUnlockClass\": \"\",\n    \"FLCUnlockSteamAchievement\": \"\",\n    \"FLCUpgradeRandomCard\": false,\n    \"FLCUpgradeUI\": false,\n    \"RequirementCard\": \"\",\n    \"SSCardPlayerPairsGame\": false,\n    \"SSCardPlayerPairsGamePackData\": \"\",\n    \"SSCCardPlayerPairsGame\": false,\n    \"SSCCardPlayerPairsGamePackData\": \"\",\n    \"FLCardPlayerPairsGame\": false,\n    \"FLCardPlayerPairsGamePackData\": \"\",\n    \"FLCCardPlayerPairsGame\": false,\n    \"FLCCardPlayerPairsGamePackData\": \"\"\n}",
        "{\n    \"Name\": \"e_subterriver7_a1\",\n    \"ReplyActionText\": \"Rest\",\n    \"medsEvent\": \"\",\n    \"DustCost\": 0,\n    \"GoldCost\": 0,\n    \"IndexForAnswerTranslation\": 1,\n    \"RepeatForAllCharacters\": false,\n    \"RequiredClass\": \"\",\n    \"Requirement\": \"\",\n    \"RequirementItem\": \"\",\n    \"ReplyShowCard\": \"\",\n    \"ReplyText\": \"Relax and recover some strength.\",\n    \"SSRewardText\": \"You decide to rest, but make it clear to the untouchable that you want no further interaction. \\n\\n\\\"O-oh, that's quite all right, friend. I understand. Pleasant dreams.\\\"\\n\\nYou take a power nap and then continue on your journey, refreshed and eager to leave the cave.\",\n    \"SSCRewardText\": \"\",\n    \"FLRewardText\": \"\",\n    \"FLCRewardText\": \"\",\n    \"SSRoll\": false,\n    \"SSRollCard\": \"None\",\n    \"SSRollMode\": \"HigherOrEqual\",\n    \"SSRollNumber\": 0,\n    \"SSRollNumberCritical\": -1,\n    \"SSRollNumberCriticalFail\": -1,\n    \"SSRollTarget\": \"Single\",\n    \"SSCombat\": \"\",\n    \"SSCCombat\": \"\",\n    \"FLCombat\": \"\",\n    \"FLCCombat\": \"\",\n    \"RequirementBlocked\": \"\",\n    \"RequirementMultiplayer\": false,\n    \"RequirementSku\": \"\",\n    \"SSAddCard1\": \"\",\n    \"SSAddCard2\": \"\",\n    \"SSAddCard3\": \"\",\n    \"SSAddItem\": \"\",\n    \"SSCardPlayerGame\": false,\n    \"SSCardPlayerGamePackData\": \"\",\n    \"SSCharacterReplacement\": \"\",\n    \"SSCharacterReplacementPosition\": 0,\n    \"SSCorruptionUI\": false,\n    \"SSCorruptItemSlot\": \"None\",\n    \"SSCraftUI\": false,\n    \"SSCraftUIMaxType\": \"Common\",\n    \"SSDiscount\": 0,\n    \"SSDustReward\": 0,\n    \"SSEvent\": \"\",\n    \"SSExperienceReward\": 0,\n    \"SSFinishEarlyAccess\": false,\n    \"SSFinishGame\": false,\n    \"SSFinishObeliskMap\": false,\n    \"SSGoldReward\": 0,\n    \"SSHealerUI\": false,\n    \"SSLootList\": \"\",\n    \"SSMaxQuantity\": 0,\n    \"SSMerchantUI\": false,\n    \"SSNodeTravel\": \"\",\n    \"SSPerkData\": \"\",\n    \"SSPerkData1\": \"\",\n    \"SSRemoveItemSlot\": \"None\",\n    \"SSRequirementLock\": \"\",\n    \"SSRequirementLock2\": \"\",\n    \"SSRequirementUnlock\": \"\",\n    \"SSRequirementUnlock2\": \"\",\n    \"SSRewardHealthFlat\": 0,\n    \"SSRewardHealthPercent\": 30,\n    \"SSRewardTier\": \"\",\n    \"SSShopList\": \"\",\n    \"SSSteamStat\": \"\",\n    \"SSSupplyReward\": \"\",\n    \"SSUnlockClass\": \"\",\n    \"SSUnlockSkin\": \"\",\n    \"SSUnlockSteamAchievement\": \"\",\n    \"SSUpgradeRandomCard\": false,\n    \"SSUpgradeUI\": false,\n    \"SSCAddCard1\": \"\",\n    \"SSCAddCard2\": \"\",\n    \"SSCAddCard3\": \"\",\n    \"SSCAddItem\": \"\",\n    \"SSCCardPlayerGame\": false,\n    \"SSCCardPlayerGamePackData\": \"\",\n    \"SSCCorruptionUI\": false,\n    \"SSCCorruptItemSlot\": \"None\",\n    \"SSCCraftUI\": false,\n    \"SSCCraftUIMaxType\": \"Common\",\n    \"SSCDiscount\": 0,\n    \"SSCDustReward\": 0,\n    \"SSCEvent\": \"\",\n    \"SSCExperienceReward\": 0,\n    \"SSCFinishEarlyAccess\": false,\n    \"SSCFinishGame\": false,\n    \"SSCGoldReward\": 0,\n    \"SSCHealerUI\": false,\n    \"SSCLootList\": \"\",\n    \"SSCMaxQuantity\": 0,\n    \"SSCMerchantUI\": false,\n    \"SSCNodeTravel\": \"\",\n    \"SSCRemoveItemSlot\": \"None\",\n    \"SSCRequirementLock\": \"\",\n    \"SSCRequirementUnlock\": \"\",\n    \"SSCRequirementUnlock2\": \"\",\n    \"SSCRewardHealthFlat\": 0,\n    \"SSCRewardHealthPercent\": 0,\n    \"SSCRewardTier\": \"\",\n    \"SSCShopList\": \"\",\n    \"SSCSupplyReward\": 0,\n    \"SSCUnlockClass\": \"\",\n    \"SSCUnlockSteamAchievement\": \"\",\n    \"SSCUpgradeRandomCard\": false,\n    \"SSCUpgradeUI\": false,\n    \"FLAddCard1\": \"\",\n    \"FLAddCard2\": \"\",\n    \"FLAddCard3\": \"\",\n    \"FLAddItem\": \"\",\n    \"FLCardPlayerGame\": false,\n    \"FLCardPlayerGamePackData\": \"\",\n    \"FLCorruptionUI\": false,\n    \"FLCorruptItemSlot\": \"None\",\n    \"FLCraftUI\": false,\n    \"FLCraftUIMaxType\": \"Common\",\n    \"FLDiscount\": 0,\n    \"FLDustReward\": 0,\n    \"FLEvent\": \"\",\n    \"FLExperienceReward\": 0,\n    \"FLGoldReward\": 0,\n    \"FLHealerUI\": false,\n    \"FLLootList\": \"\",\n    \"FLMaxQuantity\": 0,\n    \"FLMerchantUI\": false,\n    \"FLNodeTravel\": \"\",\n    \"FLRemoveItemSlot\": \"None\",\n    \"FLRequirementLock\": \"\",\n    \"FLRequirementUnlock\": \"\",\n    \"FLRequirementUnlock2\": \"\",\n    \"FLRewardHealthFlat\": 0,\n    \"FLRewardHealthPercent\": 0,\n    \"FLRewardTier\": \"\",\n    \"FLShopList\": \"\",\n    \"FLSupplyReward\": 0,\n    \"FLUnlockClass\": \"\",\n    \"FLUnlockSteamAchievement\": \"\",\n    \"FLUpgradeRandomCard\": false,\n    \"FLUpgradeUI\": false,\n    \"FLCAddCard1\": \"\",\n    \"FLCAddCard2\": \"\",\n    \"FLCAddCard3\": \"\",\n    \"FLCAddItem\": \"\",\n    \"FLCCardPlayerGame\": false,\n    \"FLCCardPlayerGamePackData\": \"\",\n    \"FLCCorruptionUI\": false,\n    \"FLCCorruptItemSlot\": \"None\",\n    \"FLCCraftUI\": false,\n    \"FLCCraftUIMaxType\": \"Common\",\n    \"FLCDiscount\": 0,\n    \"FLCDustReward\": 0,\n    \"FLCEvent\": \"\",\n    \"FLCExperienceReward\": 0,\n    \"FLCGoldReward\": 0,\n    \"FLCHealerUI\": false,\n    \"FLCLootList\": \"\",\n    \"FLCMaxQuantity\": 0,\n    \"FLCMerchantUI\": false,\n    \"FLCNodeTravel\": \"\",\n    \"FLCRemoveItemSlot\": \"None\",\n    \"FLCRequirementLock\": \"\",\n    \"FLCRequirementUnlock\": \"\",\n    \"FLCRequirementUnlock2\": \"\",\n    \"FLCRewardHealthFlat\": 0,\n    \"FLCRewardHealthPercent\": 0,\n    \"FLCRewardTier\": \"\",\n    \"FLCShopList\": \"\",\n    \"FLCSupplyReward\": 0,\n    \"FLCUnlockClass\": \"\",\n    \"FLCUnlockSteamAchievement\": \"\",\n    \"FLCUpgradeRandomCard\": false,\n    \"FLCUpgradeUI\": false,\n    \"RequirementCard\": \"\",\n    \"SSCardPlayerPairsGame\": false,\n    \"SSCardPlayerPairsGamePackData\": \"\",\n    \"SSCCardPlayerPairsGame\": false,\n    \"SSCCardPlayerPairsGamePackData\": \"\",\n    \"FLCardPlayerPairsGame\": false,\n    \"FLCardPlayerPairsGamePackData\": \"\",\n    \"FLCCardPlayerPairsGame\": false,\n    \"FLCCardPlayerPairsGamePackData\": \"\"\n}",
        "{\n    \"Name\": \"e_subterriver7_a2\",\n    \"ReplyActionText\": \"Ask\",\n    \"medsEvent\": \"\",\n    \"DustCost\": 0,\n    \"GoldCost\": 0,\n    \"IndexForAnswerTranslation\": 2,\n    \"RepeatForAllCharacters\": false,\n    \"RequiredClass\": \"\",\n    \"Requirement\": \"\",\n    \"RequirementItem\": \"\",\n    \"ReplyShowCard\": \"\",\n    \"ReplyText\": \"Thank the man for his generosity and ask him about his ailment.\",\n    \"SSRewardText\": \"\\\"Don't see many people down here, let alone those who inquire about the w-well-being of strangers,\\\" the man says.\\n\\n\\\"I've been down here for quite some time, ever since I was afflicted with the Green Death.\\\" The untouchable's eyebrow arches in response to your nonplussed look.\\n\\n\\\"You haven't heard of it?\\\", the man asks hopefully. \\\"Few have I suppose... it is good to hear it hasn't made its way to Senenthia yet.\\\"\",\n    \"SSCRewardText\": \"\",\n    \"FLRewardText\": \"\",\n    \"FLCRewardText\": \"\",\n    \"SSRoll\": false,\n    \"SSRollCard\": \"None\",\n    \"SSRollMode\": \"HigherOrEqual\",\n    \"SSRollNumber\": 0,\n    \"SSRollNumberCritical\": -1,\n    \"SSRollNumberCriticalFail\": -1,\n    \"SSRollTarget\": \"Single\",\n    \"SSCombat\": \"\",\n    \"SSCCombat\": \"\",\n    \"FLCombat\": \"\",\n    \"FLCCombat\": \"\",\n    \"RequirementBlocked\": \"\",\n    \"RequirementMultiplayer\": false,\n    \"RequirementSku\": \"\",\n    \"SSAddCard1\": \"\",\n    \"SSAddCard2\": \"\",\n    \"SSAddCard3\": \"\",\n    \"SSAddItem\": \"\",\n    \"SSCardPlayerGame\": false,\n    \"SSCardPlayerGamePackData\": \"\",\n    \"SSCharacterReplacement\": \"\",\n    \"SSCharacterReplacementPosition\": 0,\n    \"SSCorruptionUI\": false,\n    \"SSCorruptItemSlot\": \"None\",\n    \"SSCraftUI\": false,\n    \"SSCraftUIMaxType\": \"Common\",\n    \"SSDiscount\": 0,\n    \"SSDustReward\": 0,\n    \"SSEvent\": \"e_subterriver7_b\",\n    \"SSExperienceReward\": 0,\n    \"SSFinishEarlyAccess\": false,\n    \"SSFinishGame\": false,\n    \"SSFinishObeliskMap\": false,\n    \"SSGoldReward\": 0,\n    \"SSHealerUI\": false,\n    \"SSLootList\": \"\",\n    \"SSMaxQuantity\": 0,\n    \"SSMerchantUI\": false,\n    \"SSNodeTravel\": \"\",\n    \"SSPerkData\": \"\",\n    \"SSPerkData1\": \"\",\n    \"SSRemoveItemSlot\": \"None\",\n    \"SSRequirementLock\": \"\",\n    \"SSRequirementLock2\": \"\",\n    \"SSRequirementUnlock\": \"\",\n    \"SSRequirementUnlock2\": \"\",\n    \"SSRewardHealthFlat\": 0,\n    \"SSRewardHealthPercent\": 0,\n    \"SSRewardTier\": \"\",\n    \"SSShopList\": \"\",\n    \"SSSteamStat\": \"\",\n    \"SSSupplyReward\": \"\",\n    \"SSUnlockClass\": \"\",\n    \"SSUnlockSkin\": \"\",\n    \"SSUnlockSteamAchievement\": \"\",\n    \"SSUpgradeRandomCard\": false,\n    \"SSUpgradeUI\": false,\n    \"SSCAddCard1\": \"\",\n    \"SSCAddCard2\": \"\",\n    \"SSCAddCard3\": \"\",\n    \"SSCAddItem\": \"\",\n    \"SSCCardPlayerGame\": false,\n    \"SSCCardPlayerGamePackData\": \"\",\n    \"SSCCorruptionUI\": false,\n    \"SSCCorruptItemSlot\": \"None\",\n    \"SSCCraftUI\": false,\n    \"SSCCraftUIMaxType\": \"Common\",\n    \"SSCDiscount\": 0,\n    \"SSCDustReward\": 0,\n    \"SSCEvent\": \"\",\n    \"SSCExperienceReward\": 0,\n    \"SSCFinishEarlyAccess\": false,\n    \"SSCFinishGame\": false,\n    \"SSCGoldReward\": 0,\n    \"SSCHealerUI\": false,\n    \"SSCLootList\": \"\",\n    \"SSCMaxQuantity\": 0,\n    \"SSCMerchantUI\": false,\n    \"SSCNodeTravel\": \"\",\n    \"SSCRemoveItemSlot\": \"None\",\n    \"SSCRequirementLock\": \"\",\n    \"SSCRequirementUnlock\": \"\",\n    \"SSCRequirementUnlock2\": \"\",\n    \"SSCRewardHealthFlat\": 0,\n    \"SSCRewardHealthPercent\": 0,\n    \"SSCRewardTier\": \"\",\n    \"SSCShopList\": \"\",\n    \"SSCSupplyReward\": 0,\n    \"SSCUnlockClass\": \"\",\n    \"SSCUnlockSteamAchievement\": \"\",\n    \"SSCUpgradeRandomCard\": false,\n    \"SSCUpgradeUI\": false,\n    \"FLAddCard1\": \"\",\n    \"FLAddCard2\": \"\",\n    \"FLAddCard3\": \"\",\n    \"FLAddItem\": \"\",\n    \"FLCardPlayerGame\": false,\n    \"FLCardPlayerGamePackData\": \"\",\n    \"FLCorruptionUI\": false,\n    \"FLCorruptItemSlot\": \"None\",\n    \"FLCraftUI\": false,\n    \"FLCraftUIMaxType\": \"Common\",\n    \"FLDiscount\": 0,\n    \"FLDustReward\": 0,\n    \"FLEvent\": \"\",\n    \"FLExperienceReward\": 0,\n    \"FLGoldReward\": 0,\n    \"FLHealerUI\": false,\n    \"FLLootList\": \"\",\n    \"FLMaxQuantity\": 0,\n    \"FLMerchantUI\": false,\n    \"FLNodeTravel\": \"\",\n    \"FLRemoveItemSlot\": \"None\",\n    \"FLRequirementLock\": \"\",\n    \"FLRequirementUnlock\": \"\",\n    \"FLRequirementUnlock2\": \"\",\n    \"FLRewardHealthFlat\": 0,\n    \"FLRewardHealthPercent\": 0,\n    \"FLRewardTier\": \"\",\n    \"FLShopList\": \"\",\n    \"FLSupplyReward\": 0,\n    \"FLUnlockClass\": \"\",\n    \"FLUnlockSteamAchievement\": \"\",\n    \"FLUpgradeRandomCard\": false,\n    \"FLUpgradeUI\": false,\n    \"FLCAddCard1\": \"\",\n    \"FLCAddCard2\": \"\",\n    \"FLCAddCard3\": \"\",\n    \"FLCAddItem\": \"\",\n    \"FLCCardPlayerGame\": false,\n    \"FLCCardPlayerGamePackData\": \"\",\n    \"FLCCorruptionUI\": false,\n    \"FLCCorruptItemSlot\": \"None\",\n    \"FLCCraftUI\": false,\n    \"FLCCraftUIMaxType\": \"Common\",\n    \"FLCDiscount\": 0,\n    \"FLCDustReward\": 0,\n    \"FLCEvent\": \"\",\n    \"FLCExperienceReward\": 0,\n    \"FLCGoldReward\": 0,\n    \"FLCHealerUI\": false,\n    \"FLCLootList\": \"\",\n    \"FLCMaxQuantity\": 0,\n    \"FLCMerchantUI\": false,\n    \"FLCNodeTravel\": \"\",\n    \"FLCRemoveItemSlot\": \"None\",\n    \"FLCRequirementLock\": \"\",\n    \"FLCRequirementUnlock\": \"\",\n    \"FLCRequirementUnlock2\": \"\",\n    \"FLCRewardHealthFlat\": 0,\n    \"FLCRewardHealthPercent\": 0,\n    \"FLCRewardTier\": \"\",\n    \"FLCShopList\": \"\",\n    \"FLCSupplyReward\": 0,\n    \"FLCUnlockClass\": \"\",\n    \"FLCUnlockSteamAchievement\": \"\",\n    \"FLCUpgradeRandomCard\": false,\n    \"FLCUpgradeUI\": false,\n    \"RequirementCard\": \"\",\n    \"SSCardPlayerPairsGame\": false,\n    \"SSCardPlayerPairsGamePackData\": \"\",\n    \"SSCCardPlayerPairsGame\": false,\n    \"SSCCardPlayerPairsGamePackData\": \"\",\n    \"FLCardPlayerPairsGame\": false,\n    \"FLCardPlayerPairsGamePackData\": \"\",\n    \"FLCCardPlayerPairsGame\": false,\n    \"FLCCardPlayerPairsGamePackData\": \"\"\n}",
        "{\n    \"Name\": \"e_subterriver7_a3\",\n    \"ReplyActionText\": \"CharacterName\",\n    \"medsEvent\": \"\",\n    \"DustCost\": 0,\n    \"GoldCost\": 0,\n    \"IndexForAnswerTranslation\": 3,\n    \"RepeatForAllCharacters\": false,\n    \"RequiredClass\": \"cleric\",\n    \"Requirement\": \"\",\n    \"RequirementItem\": \"\",\n    \"ReplyShowCard\": \"\",\n    \"ReplyText\": \"I can take care of an injury and try to heal us\",\n    \"SSRewardText\": \"You have time to treat one injury and heal a bit.\\n\\nYou can remove one card for free from each hero.\",\n    \"SSCRewardText\": \"\",\n    \"FLRewardText\": \"You only have time to treat one injury.\\n\\nYou can remove one card for free from each hero.\",\n    \"FLCRewardText\": \"\",\n    \"SSRoll\": true,\n    \"SSRollCard\": \"Healing_Spell\",\n    \"SSRollMode\": \"LowerOrEqual\",\n    \"SSRollNumber\": 0,\n    \"SSRollNumberCritical\": -1,\n    \"SSRollNumberCriticalFail\": -1,\n    \"SSRollTarget\": \"Character\",\n    \"SSCombat\": \"\",\n    \"SSCCombat\": \"\",\n    \"FLCombat\": \"\",\n    \"FLCCombat\": \"\",\n    \"RequirementBlocked\": \"\",\n    \"RequirementMultiplayer\": false,\n    \"RequirementSku\": \"\",\n    \"SSAddCard1\": \"\",\n    \"SSAddCard2\": \"\",\n    \"SSAddCard3\": \"\",\n    \"SSAddItem\": \"\",\n    \"SSCardPlayerGame\": false,\n    \"SSCardPlayerGamePackData\": \"\",\n    \"SSCharacterReplacement\": \"\",\n    \"SSCharacterReplacementPosition\": 0,\n    \"SSCorruptionUI\": false,\n    \"SSCorruptItemSlot\": \"None\",\n    \"SSCraftUI\": false,\n    \"SSCraftUIMaxType\": \"Common\",\n    \"SSDiscount\": 100,\n    \"SSDustReward\": 0,\n    \"SSEvent\": \"\",\n    \"SSExperienceReward\": 14,\n    \"SSFinishEarlyAccess\": false,\n    \"SSFinishGame\": false,\n    \"SSFinishObeliskMap\": false,\n    \"SSGoldReward\": 0,\n    \"SSHealerUI\": true,\n    \"SSLootList\": \"\",\n    \"SSMaxQuantity\": 1,\n    \"SSMerchantUI\": false,\n    \"SSNodeTravel\": \"\",\n    \"SSPerkData\": \"\",\n    \"SSPerkData1\": \"\",\n    \"SSRemoveItemSlot\": \"None\",\n    \"SSRequirementLock\": \"\",\n    \"SSRequirementLock2\": \"\",\n    \"SSRequirementUnlock\": \"\",\n    \"SSRequirementUnlock2\": \"\",\n    \"SSRewardHealthFlat\": 0,\n    \"SSRewardHealthPercent\": 30,\n    \"SSRewardTier\": \"\",\n    \"SSShopList\": \"\",\n    \"SSSteamStat\": \"\",\n    \"SSSupplyReward\": 0,\n    \"SSUnlockClass\": \"\",\n    \"SSUnlockSkin\": \"\",\n    \"SSUnlockSteamAchievement\": \"\",\n    \"SSUpgradeRandomCard\": false,\n    \"SSUpgradeUI\": false,\n    \"SSCAddCard1\": \"\",\n    \"SSCAddCard2\": \"\",\n    \"SSCAddCard3\": \"\",\n    \"SSCAddItem\": \"\",\n    \"SSCCardPlayerGame\": false,\n    \"SSCCardPlayerGamePackData\": \"\",\n    \"SSCCorruptionUI\": false,\n    \"SSCCorruptItemSlot\": \"None\",\n    \"SSCCraftUI\": false,\n    \"SSCCraftUIMaxType\": \"Common\",\n    \"SSCDiscount\": 0,\n    \"SSCDustReward\": 0,\n    \"SSCEvent\": \"\",\n    \"SSCExperienceReward\": 0,\n    \"SSCFinishEarlyAccess\": false,\n    \"SSCFinishGame\": false,\n    \"SSCGoldReward\": 0,\n    \"SSCHealerUI\": false,\n    \"SSCLootList\": \"\",\n    \"SSCMaxQuantity\": 0,\n    \"SSCMerchantUI\": false,\n    \"SSCNodeTravel\": \"\",\n    \"SSCRemoveItemSlot\": \"None\",\n    \"SSCRequirementLock\": \"\",\n    \"SSCRequirementUnlock\": \"\",\n    \"SSCRequirementUnlock2\": \"\",\n    \"SSCRewardHealthFlat\": 0,\n    \"SSCRewardHealthPercent\": 0,\n    \"SSCRewardTier\": \"\",\n    \"SSCShopList\": \"\",\n    \"SSCSupplyReward\": 0,\n    \"SSCUnlockClass\": \"\",\n    \"SSCUnlockSteamAchievement\": \"\",\n    \"SSCUpgradeRandomCard\": false,\n    \"SSCUpgradeUI\": false,\n    \"FLAddCard1\": \"\",\n    \"FLAddCard2\": \"\",\n    \"FLAddCard3\": \"\",\n    \"FLAddItem\": \"\",\n    \"FLCardPlayerGame\": false,\n    \"FLCardPlayerGamePackData\": \"\",\n    \"FLCorruptionUI\": false,\n    \"FLCorruptItemSlot\": \"None\",\n    \"FLCraftUI\": false,\n    \"FLCraftUIMaxType\": \"Common\",\n    \"FLDiscount\": 100,\n    \"FLDustReward\": 0,\n    \"FLEvent\": \"\",\n    \"FLExperienceReward\": 0,\n    \"FLGoldReward\": 0,\n    \"FLHealerUI\": true,\n    \"FLLootList\": \"\",\n    \"FLMaxQuantity\": 1,\n    \"FLMerchantUI\": false,\n    \"FLNodeTravel\": \"\",\n    \"FLRemoveItemSlot\": \"None\",\n    \"FLRequirementLock\": \"\",\n    \"FLRequirementUnlock\": \"\",\n    \"FLRequirementUnlock2\": \"\",\n    \"FLRewardHealthFlat\": 0,\n    \"FLRewardHealthPercent\": 0,\n    \"FLRewardTier\": \"\",\n    \"FLShopList\": \"\",\n    \"FLSupplyReward\": 0,\n    \"FLUnlockClass\": \"\",\n    \"FLUnlockSteamAchievement\": \"\",\n    \"FLUpgradeRandomCard\": false,\n    \"FLUpgradeUI\": false,\n    \"FLCAddCard1\": \"\",\n    \"FLCAddCard2\": \"\",\n    \"FLCAddCard3\": \"\",\n    \"FLCAddItem\": \"\",\n    \"FLCCardPlayerGame\": false,\n    \"FLCCardPlayerGamePackData\": \"\",\n    \"FLCCorruptionUI\": false,\n    \"FLCCorruptItemSlot\": \"None\",\n    \"FLCCraftUI\": false,\n    \"FLCCraftUIMaxType\": \"Common\",\n    \"FLCDiscount\": 0,\n    \"FLCDustReward\": 0,\n    \"FLCEvent\": \"\",\n    \"FLCExperienceReward\": 0,\n    \"FLCGoldReward\": 0,\n    \"FLCHealerUI\": false,\n    \"FLCLootList\": \"\",\n    \"FLCMaxQuantity\": 0,\n    \"FLCMerchantUI\": false,\n    \"FLCNodeTravel\": \"\",\n    \"FLCRemoveItemSlot\": \"None\",\n    \"FLCRequirementLock\": \"\",\n    \"FLCRequirementUnlock\": \"\",\n    \"FLCRequirementUnlock2\": \"\",\n    \"FLCRewardHealthFlat\": 0,\n    \"FLCRewardHealthPercent\": 0,\n    \"FLCRewardTier\": \"\",\n    \"FLCShopList\": \"\",\n    \"FLCSupplyReward\": 0,\n    \"FLCUnlockClass\": \"\",\n    \"FLCUnlockSteamAchievement\": \"\",\n    \"FLCUpgradeRandomCard\": false,\n    \"FLCUpgradeUI\": false,\n    \"RequirementCard\": \"\",\n    \"SSCardPlayerPairsGame\": false,\n    \"SSCardPlayerPairsGamePackData\": \"\",\n    \"SSCCardPlayerPairsGame\": false,\n    \"SSCCardPlayerPairsGamePackData\": \"\",\n    \"FLCardPlayerPairsGame\": false,\n    \"FLCardPlayerPairsGamePackData\": \"\",\n    \"FLCCardPlayerPairsGame\": false,\n    \"FLCCardPlayerPairsGamePackData\": \"\"\n}",
        "{\n    \"Name\": \"e_subterriver7_a4\",\n    \"ReplyActionText\": \"CharacterName\",\n    \"medsEvent\": \"\",\n    \"DustCost\": 0,\n    \"GoldCost\": 0,\n    \"IndexForAnswerTranslation\": 4,\n    \"RepeatForAllCharacters\": false,\n    \"RequiredClass\": \"priest\",\n    \"Requirement\": \"\",\n    \"RequirementItem\": \"\",\n    \"ReplyShowCard\": \"\",\n    \"ReplyText\": \"I can take care of an injury and try to heal us\",\n    \"SSRewardText\": \"You have time to treat one injury and heal a bit.\\n\\nYou can remove one card for free from each hero.\",\n    \"SSCRewardText\": \"\",\n    \"FLRewardText\": \"You only have time to treat one injury.\\n\\nYou can remove one card for free from each hero.\",\n    \"FLCRewardText\": \"\",\n    \"SSRoll\": true,\n    \"SSRollCard\": \"Healing_Spell\",\n    \"SSRollMode\": \"LowerOrEqual\",\n    \"SSRollNumber\": 0,\n    \"SSRollNumberCritical\": -1,\n    \"SSRollNumberCriticalFail\": -1,\n    \"SSRollTarget\": \"Character\",\n    \"SSCombat\": \"\",\n    \"SSCCombat\": \"\",\n    \"FLCombat\": \"\",\n    \"FLCCombat\": \"\",\n    \"RequirementBlocked\": \"\",\n    \"RequirementMultiplayer\": false,\n    \"RequirementSku\": \"\",\n    \"SSAddCard1\": \"\",\n    \"SSAddCard2\": \"\",\n    \"SSAddCard3\": \"\",\n    \"SSAddItem\": \"\",\n    \"SSCardPlayerGame\": false,\n    \"SSCardPlayerGamePackData\": \"\",\n    \"SSCharacterReplacement\": \"\",\n    \"SSCharacterReplacementPosition\": 0,\n    \"SSCorruptionUI\": false,\n    \"SSCorruptItemSlot\": \"None\",\n    \"SSCraftUI\": false,\n    \"SSCraftUIMaxType\": \"Common\",\n    \"SSDiscount\": 100,\n    \"SSDustReward\": 0,\n    \"SSEvent\": \"\",\n    \"SSExperienceReward\": 14,\n    \"SSFinishEarlyAccess\": false,\n    \"SSFinishGame\": false,\n    \"SSFinishObeliskMap\": false,\n    \"SSGoldReward\": 0,\n    \"SSHealerUI\": true,\n    \"SSLootList\": \"\",\n    \"SSMaxQuantity\": 1,\n    \"SSMerchantUI\": false,\n    \"SSNodeTravel\": \"\",\n    \"SSPerkData\": \"\",\n    \"SSPerkData1\": \"\",\n    \"SSRemoveItemSlot\": \"None\",\n    \"SSRequirementLock\": \"\",\n    \"SSRequirementLock2\": \"\",\n    \"SSRequirementUnlock\": \"\",\n    \"SSRequirementUnlock2\": \"\",\n    \"SSRewardHealthFlat\": 0,\n    \"SSRewardHealthPercent\": 30,\n    \"SSRewardTier\": \"\",\n    \"SSShopList\": \"\",\n    \"SSSteamStat\": \"\",\n    \"SSSupplyReward\": 0,\n    \"SSUnlockClass\": \"\",\n    \"SSUnlockSkin\": \"\",\n    \"SSUnlockSteamAchievement\": \"\",\n    \"SSUpgradeRandomCard\": false,\n    \"SSUpgradeUI\": false,\n    \"SSCAddCard1\": \"\",\n    \"SSCAddCard2\": \"\",\n    \"SSCAddCard3\": \"\",\n    \"SSCAddItem\": \"\",\n    \"SSCCardPlayerGame\": false,\n    \"SSCCardPlayerGamePackData\": \"\",\n    \"SSCCorruptionUI\": false,\n    \"SSCCorruptItemSlot\": \"None\",\n    \"SSCCraftUI\": false,\n    \"SSCCraftUIMaxType\": \"Common\",\n    \"SSCDiscount\": 0,\n    \"SSCDustReward\": 0,\n    \"SSCEvent\": \"\",\n    \"SSCExperienceReward\": 0,\n    \"SSCFinishEarlyAccess\": false,\n    \"SSCFinishGame\": false,\n    \"SSCGoldReward\": 0,\n    \"SSCHealerUI\": false,\n    \"SSCLootList\": \"\",\n    \"SSCMaxQuantity\": 0,\n    \"SSCMerchantUI\": false,\n    \"SSCNodeTravel\": \"\",\n    \"SSCRemoveItemSlot\": \"None\",\n    \"SSCRequirementLock\": \"\",\n    \"SSCRequirementUnlock\": \"\",\n    \"SSCRequirementUnlock2\": \"\",\n    \"SSCRewardHealthFlat\": 0,\n    \"SSCRewardHealthPercent\": 0,\n    \"SSCRewardTier\": \"\",\n    \"SSCShopList\": \"\",\n    \"SSCSupplyReward\": 0,\n    \"SSCUnlockClass\": \"\",\n    \"SSCUnlockSteamAchievement\": \"\",\n    \"SSCUpgradeRandomCard\": false,\n    \"SSCUpgradeUI\": false,\n    \"FLAddCard1\": \"\",\n    \"FLAddCard2\": \"\",\n    \"FLAddCard3\": \"\",\n    \"FLAddItem\": \"\",\n    \"FLCardPlayerGame\": false,\n    \"FLCardPlayerGamePackData\": \"\",\n    \"FLCorruptionUI\": false,\n    \"FLCorruptItemSlot\": \"None\",\n    \"FLCraftUI\": false,\n    \"FLCraftUIMaxType\": \"Common\",\n    \"FLDiscount\": 100,\n    \"FLDustReward\": 0,\n    \"FLEvent\": \"\",\n    \"FLExperienceReward\": 0,\n    \"FLGoldReward\": 0,\n    \"FLHealerUI\": true,\n    \"FLLootList\": \"\",\n    \"FLMaxQuantity\": 1,\n    \"FLMerchantUI\": false,\n    \"FLNodeTravel\": \"\",\n    \"FLRemoveItemSlot\": \"None\",\n    \"FLRequirementLock\": \"\",\n    \"FLRequirementUnlock\": \"\",\n    \"FLRequirementUnlock2\": \"\",\n    \"FLRewardHealthFlat\": 0,\n    \"FLRewardHealthPercent\": 0,\n    \"FLRewardTier\": \"\",\n    \"FLShopList\": \"\",\n    \"FLSupplyReward\": 0,\n    \"FLUnlockClass\": \"\",\n    \"FLUnlockSteamAchievement\": \"\",\n    \"FLUpgradeRandomCard\": false,\n    \"FLUpgradeUI\": false,\n    \"FLCAddCard1\": \"\",\n    \"FLCAddCard2\": \"\",\n    \"FLCAddCard3\": \"\",\n    \"FLCAddItem\": \"\",\n    \"FLCCardPlayerGame\": false,\n    \"FLCCardPlayerGamePackData\": \"\",\n    \"FLCCorruptionUI\": false,\n    \"FLCCorruptItemSlot\": \"None\",\n    \"FLCCraftUI\": false,\n    \"FLCCraftUIMaxType\": \"Common\",\n    \"FLCDiscount\": 0,\n    \"FLCDustReward\": 0,\n    \"FLCEvent\": \"\",\n    \"FLCExperienceReward\": 0,\n    \"FLCGoldReward\": 0,\n    \"FLCHealerUI\": false,\n    \"FLCLootList\": \"\",\n    \"FLCMaxQuantity\": 0,\n    \"FLCMerchantUI\": false,\n    \"FLCNodeTravel\": \"\",\n    \"FLCRemoveItemSlot\": \"None\",\n    \"FLCRequirementLock\": \"\",\n    \"FLCRequirementUnlock\": \"\",\n    \"FLCRequirementUnlock2\": \"\",\n    \"FLCRewardHealthFlat\": 0,\n    \"FLCRewardHealthPercent\": 0,\n    \"FLCRewardTier\": \"\",\n    \"FLCShopList\": \"\",\n    \"FLCSupplyReward\": 0,\n    \"FLCUnlockClass\": \"\",\n    \"FLCUnlockSteamAchievement\": \"\",\n    \"FLCUpgradeRandomCard\": false,\n    \"FLCUpgradeUI\": false,\n    \"RequirementCard\": \"\",\n    \"SSCardPlayerPairsGame\": false,\n    \"SSCardPlayerPairsGamePackData\": \"\",\n    \"SSCCardPlayerPairsGame\": false,\n    \"SSCCardPlayerPairsGamePackData\": \"\",\n    \"FLCardPlayerPairsGame\": false,\n    \"FLCardPlayerPairsGamePackData\": \"\",\n    \"FLCCardPlayerPairsGame\": false,\n    \"FLCCardPlayerPairsGamePackData\": \"\"\n}",
        "{\n    \"Name\": \"e_subterriver7_a5\",\n    \"ReplyActionText\": \"CharacterName\",\n    \"medsEvent\": \"\",\n    \"DustCost\": 0,\n    \"GoldCost\": 0,\n    \"IndexForAnswerTranslation\": 5,\n    \"RepeatForAllCharacters\": false,\n    \"RequiredClass\": \"voodoowitch\",\n    \"Requirement\": \"\",\n    \"RequirementItem\": \"\",\n    \"ReplyShowCard\": \"\",\n    \"ReplyText\": \"I can take care of an injury and try to heal us\",\n    \"SSRewardText\": \"You have time to treat one injury and heal a bit.\\n\\nYou can remove one card for free from each hero.\",\n    \"SSCRewardText\": \"\",\n    \"FLRewardText\": \"You only have time to treat one injury.\\n\\nYou can remove one card for free from each hero.\",\n    \"FLCRewardText\": \"\",\n    \"SSRoll\": true,\n    \"SSRollCard\": \"Healing_Spell\",\n    \"SSRollMode\": \"LowerOrEqual\",\n    \"SSRollNumber\": 0,\n    \"SSRollNumberCritical\": -1,\n    \"SSRollNumberCriticalFail\": -1,\n    \"SSRollTarget\": \"Character\",\n    \"SSCombat\": \"\",\n    \"SSCCombat\": \"\",\n    \"FLCombat\": \"\",\n    \"FLCCombat\": \"\",\n    \"RequirementBlocked\": \"\",\n    \"RequirementMultiplayer\": false,\n    \"RequirementSku\": \"\",\n    \"SSAddCard1\": \"\",\n    \"SSAddCard2\": \"\",\n    \"SSAddCard3\": \"\",\n    \"SSAddItem\": \"\",\n    \"SSCardPlayerGame\": false,\n    \"SSCardPlayerGamePackData\": \"\",\n    \"SSCharacterReplacement\": \"\",\n    \"SSCharacterReplacementPosition\": 0,\n    \"SSCorruptionUI\": false,\n    \"SSCorruptItemSlot\": \"None\",\n    \"SSCraftUI\": false,\n    \"SSCraftUIMaxType\": \"Common\",\n    \"SSDiscount\": 100,\n    \"SSDustReward\": 0,\n    \"SSEvent\": \"\",\n    \"SSExperienceReward\": 14,\n    \"SSFinishEarlyAccess\": false,\n    \"SSFinishGame\": false,\n    \"SSFinishObeliskMap\": false,\n    \"SSGoldReward\": 0,\n    \"SSHealerUI\": true,\n    \"SSLootList\": \"\",\n    \"SSMaxQuantity\": 1,\n    \"SSMerchantUI\": false,\n    \"SSNodeTravel\": \"\",\n    \"SSPerkData\": \"\",\n    \"SSPerkData1\": \"\",\n    \"SSRemoveItemSlot\": \"None\",\n    \"SSRequirementLock\": \"\",\n    \"SSRequirementLock2\": \"\",\n    \"SSRequirementUnlock\": \"\",\n    \"SSRequirementUnlock2\": \"\",\n    \"SSRewardHealthFlat\": 0,\n    \"SSRewardHealthPercent\": 30,\n    \"SSRewardTier\": \"\",\n    \"SSShopList\": \"\",\n    \"SSSteamStat\": \"\",\n    \"SSSupplyReward\": 0,\n    \"SSUnlockClass\": \"\",\n    \"SSUnlockSkin\": \"\",\n    \"SSUnlockSteamAchievement\": \"\",\n    \"SSUpgradeRandomCard\": false,\n    \"SSUpgradeUI\": false,\n    \"SSCAddCard1\": \"\",\n    \"SSCAddCard2\": \"\",\n    \"SSCAddCard3\": \"\",\n    \"SSCAddItem\": \"\",\n    \"SSCCardPlayerGame\": false,\n    \"SSCCardPlayerGamePackData\": \"\",\n    \"SSCCorruptionUI\": false,\n    \"SSCCorruptItemSlot\": \"None\",\n    \"SSCCraftUI\": false,\n    \"SSCCraftUIMaxType\": \"Common\",\n    \"SSCDiscount\": 0,\n    \"SSCDustReward\": 0,\n    \"SSCEvent\": \"\",\n    \"SSCExperienceReward\": 0,\n    \"SSCFinishEarlyAccess\": false,\n    \"SSCFinishGame\": false,\n    \"SSCGoldReward\": 0,\n    \"SSCHealerUI\": false,\n    \"SSCLootList\": \"\",\n    \"SSCMaxQuantity\": 0,\n    \"SSCMerchantUI\": false,\n    \"SSCNodeTravel\": \"\",\n    \"SSCRemoveItemSlot\": \"None\",\n    \"SSCRequirementLock\": \"\",\n    \"SSCRequirementUnlock\": \"\",\n    \"SSCRequirementUnlock2\": \"\",\n    \"SSCRewardHealthFlat\": 0,\n    \"SSCRewardHealthPercent\": 0,\n    \"SSCRewardTier\": \"\",\n    \"SSCShopList\": \"\",\n    \"SSCSupplyReward\": 0,\n    \"SSCUnlockClass\": \"\",\n    \"SSCUnlockSteamAchievement\": \"\",\n    \"SSCUpgradeRandomCard\": false,\n    \"SSCUpgradeUI\": false,\n    \"FLAddCard1\": \"\",\n    \"FLAddCard2\": \"\",\n    \"FLAddCard3\": \"\",\n    \"FLAddItem\": \"\",\n    \"FLCardPlayerGame\": false,\n    \"FLCardPlayerGamePackData\": \"\",\n    \"FLCorruptionUI\": false,\n    \"FLCorruptItemSlot\": \"None\",\n    \"FLCraftUI\": false,\n    \"FLCraftUIMaxType\": \"Common\",\n    \"FLDiscount\": 100,\n    \"FLDustReward\": 0,\n    \"FLEvent\": \"\",\n    \"FLExperienceReward\": 0,\n    \"FLGoldReward\": 0,\n    \"FLHealerUI\": true,\n    \"FLLootList\": \"\",\n    \"FLMaxQuantity\": 1,\n    \"FLMerchantUI\": false,\n    \"FLNodeTravel\": \"\",\n    \"FLRemoveItemSlot\": \"None\",\n    \"FLRequirementLock\": \"\",\n    \"FLRequirementUnlock\": \"\",\n    \"FLRequirementUnlock2\": \"\",\n    \"FLRewardHealthFlat\": 0,\n    \"FLRewardHealthPercent\": 0,\n    \"FLRewardTier\": \"\",\n    \"FLShopList\": \"\",\n    \"FLSupplyReward\": 0,\n    \"FLUnlockClass\": \"\",\n    \"FLUnlockSteamAchievement\": \"\",\n    \"FLUpgradeRandomCard\": false,\n    \"FLUpgradeUI\": false,\n    \"FLCAddCard1\": \"\",\n    \"FLCAddCard2\": \"\",\n    \"FLCAddCard3\": \"\",\n    \"FLCAddItem\": \"\",\n    \"FLCCardPlayerGame\": false,\n    \"FLCCardPlayerGamePackData\": \"\",\n    \"FLCCorruptionUI\": false,\n    \"FLCCorruptItemSlot\": \"None\",\n    \"FLCCraftUI\": false,\n    \"FLCCraftUIMaxType\": \"Common\",\n    \"FLCDiscount\": 0,\n    \"FLCDustReward\": 0,\n    \"FLCEvent\": \"\",\n    \"FLCExperienceReward\": 0,\n    \"FLCGoldReward\": 0,\n    \"FLCHealerUI\": false,\n    \"FLCLootList\": \"\",\n    \"FLCMaxQuantity\": 0,\n    \"FLCMerchantUI\": false,\n    \"FLCNodeTravel\": \"\",\n    \"FLCRemoveItemSlot\": \"None\",\n    \"FLCRequirementLock\": \"\",\n    \"FLCRequirementUnlock\": \"\",\n    \"FLCRequirementUnlock2\": \"\",\n    \"FLCRewardHealthFlat\": 0,\n    \"FLCRewardHealthPercent\": 0,\n    \"FLCRewardTier\": \"\",\n    \"FLCShopList\": \"\",\n    \"FLCSupplyReward\": 0,\n    \"FLCUnlockClass\": \"\",\n    \"FLCUnlockSteamAchievement\": \"\",\n    \"FLCUpgradeRandomCard\": false,\n    \"FLCUpgradeUI\": false,\n    \"RequirementCard\": \"\",\n    \"SSCardPlayerPairsGame\": false,\n    \"SSCardPlayerPairsGamePackData\": \"\",\n    \"SSCCardPlayerPairsGame\": false,\n    \"SSCCardPlayerPairsGamePackData\": \"\",\n    \"FLCardPlayerPairsGame\": false,\n    \"FLCardPlayerPairsGamePackData\": \"\",\n    \"FLCCardPlayerPairsGame\": false,\n    \"FLCCardPlayerPairsGamePackData\": \"\"\n}",
        "{\n    \"Name\": \"e_subterriver7_a6\",\n    \"ReplyActionText\": \"CharacterName\",\n    \"medsEvent\": \"\",\n    \"DustCost\": 0,\n    \"GoldCost\": 0,\n    \"IndexForAnswerTranslation\": 6,\n    \"RepeatForAllCharacters\": false,\n    \"RequiredClass\": \"prophet\",\n    \"Requirement\": \"\",\n    \"RequirementItem\": \"\",\n    \"ReplyShowCard\": \"\",\n    \"ReplyText\": \"I can take care of an injury and try to heal us\",\n    \"SSRewardText\": \"You have time to treat one injury and heal a bit.\\n\\nYou can remove one card for free from each hero.\",\n    \"SSCRewardText\": \"\",\n    \"FLRewardText\": \"You only have time to treat one injury.\\n\\nYou can remove one card for free from each hero.\",\n    \"FLCRewardText\": \"\",\n    \"SSRoll\": true,\n    \"SSRollCard\": \"Healing_Spell\",\n    \"SSRollMode\": \"LowerOrEqual\",\n    \"SSRollNumber\": 0,\n    \"SSRollNumberCritical\": -1,\n    \"SSRollNumberCriticalFail\": -1,\n    \"SSRollTarget\": \"Character\",\n    \"SSCombat\": \"\",\n    \"SSCCombat\": \"\",\n    \"FLCombat\": \"\",\n    \"FLCCombat\": \"\",\n    \"RequirementBlocked\": \"\",\n    \"RequirementMultiplayer\": false,\n    \"RequirementSku\": \"\",\n    \"SSAddCard1\": \"\",\n    \"SSAddCard2\": \"\",\n    \"SSAddCard3\": \"\",\n    \"SSAddItem\": \"\",\n    \"SSCardPlayerGame\": false,\n    \"SSCardPlayerGamePackData\": \"\",\n    \"SSCharacterReplacement\": \"\",\n    \"SSCharacterReplacementPosition\": 0,\n    \"SSCorruptionUI\": false,\n    \"SSCorruptItemSlot\": \"None\",\n    \"SSCraftUI\": false,\n    \"SSCraftUIMaxType\": \"Common\",\n    \"SSDiscount\": 100,\n    \"SSDustReward\": 0,\n    \"SSEvent\": \"\",\n    \"SSExperienceReward\": 14,\n    \"SSFinishEarlyAccess\": false,\n    \"SSFinishGame\": false,\n    \"SSFinishObeliskMap\": false,\n    \"SSGoldReward\": 0,\n    \"SSHealerUI\": true,\n    \"SSLootList\": \"\",\n    \"SSMaxQuantity\": 1,\n    \"SSMerchantUI\": false,\n    \"SSNodeTravel\": \"\",\n    \"SSPerkData\": \"\",\n    \"SSPerkData1\": \"\",\n    \"SSRemoveItemSlot\": \"None\",\n    \"SSRequirementLock\": \"\",\n    \"SSRequirementLock2\": \"\",\n    \"SSRequirementUnlock\": \"\",\n    \"SSRequirementUnlock2\": \"\",\n    \"SSRewardHealthFlat\": 0,\n    \"SSRewardHealthPercent\": 30,\n    \"SSRewardTier\": \"\",\n    \"SSShopList\": \"\",\n    \"SSSteamStat\": \"\",\n    \"SSSupplyReward\": 0,\n    \"SSUnlockClass\": \"\",\n    \"SSUnlockSkin\": \"\",\n    \"SSUnlockSteamAchievement\": \"\",\n    \"SSUpgradeRandomCard\": false,\n    \"SSUpgradeUI\": false,\n    \"SSCAddCard1\": \"\",\n    \"SSCAddCard2\": \"\",\n    \"SSCAddCard3\": \"\",\n    \"SSCAddItem\": \"\",\n    \"SSCCardPlayerGame\": false,\n    \"SSCCardPlayerGamePackData\": \"\",\n    \"SSCCorruptionUI\": false,\n    \"SSCCorruptItemSlot\": \"None\",\n    \"SSCCraftUI\": false,\n    \"SSCCraftUIMaxType\": \"Common\",\n    \"SSCDiscount\": 0,\n    \"SSCDustReward\": 0,\n    \"SSCEvent\": \"\",\n    \"SSCExperienceReward\": 0,\n    \"SSCFinishEarlyAccess\": false,\n    \"SSCFinishGame\": false,\n    \"SSCGoldReward\": 0,\n    \"SSCHealerUI\": false,\n    \"SSCLootList\": \"\",\n    \"SSCMaxQuantity\": 0,\n    \"SSCMerchantUI\": false,\n    \"SSCNodeTravel\": \"\",\n    \"SSCRemoveItemSlot\": \"None\",\n    \"SSCRequirementLock\": \"\",\n    \"SSCRequirementUnlock\": \"\",\n    \"SSCRequirementUnlock2\": \"\",\n    \"SSCRewardHealthFlat\": 0,\n    \"SSCRewardHealthPercent\": 0,\n    \"SSCRewardTier\": \"\",\n    \"SSCShopList\": \"\",\n    \"SSCSupplyReward\": 0,\n    \"SSCUnlockClass\": \"\",\n    \"SSCUnlockSteamAchievement\": \"\",\n    \"SSCUpgradeRandomCard\": false,\n    \"SSCUpgradeUI\": false,\n    \"FLAddCard1\": \"\",\n    \"FLAddCard2\": \"\",\n    \"FLAddCard3\": \"\",\n    \"FLAddItem\": \"\",\n    \"FLCardPlayerGame\": false,\n    \"FLCardPlayerGamePackData\": \"\",\n    \"FLCorruptionUI\": false,\n    \"FLCorruptItemSlot\": \"None\",\n    \"FLCraftUI\": false,\n    \"FLCraftUIMaxType\": \"Common\",\n    \"FLDiscount\": 100,\n    \"FLDustReward\": 0,\n    \"FLEvent\": \"\",\n    \"FLExperienceReward\": 0,\n    \"FLGoldReward\": 0,\n    \"FLHealerUI\": true,\n    \"FLLootList\": \"\",\n    \"FLMaxQuantity\": 1,\n    \"FLMerchantUI\": false,\n    \"FLNodeTravel\": \"\",\n    \"FLRemoveItemSlot\": \"None\",\n    \"FLRequirementLock\": \"\",\n    \"FLRequirementUnlock\": \"\",\n    \"FLRequirementUnlock2\": \"\",\n    \"FLRewardHealthFlat\": 0,\n    \"FLRewardHealthPercent\": 0,\n    \"FLRewardTier\": \"\",\n    \"FLShopList\": \"\",\n    \"FLSupplyReward\": 0,\n    \"FLUnlockClass\": \"\",\n    \"FLUnlockSteamAchievement\": \"\",\n    \"FLUpgradeRandomCard\": false,\n    \"FLUpgradeUI\": false,\n    \"FLCAddCard1\": \"\",\n    \"FLCAddCard2\": \"\",\n    \"FLCAddCard3\": \"\",\n    \"FLCAddItem\": \"\",\n    \"FLCCardPlayerGame\": false,\n    \"FLCCardPlayerGamePackData\": \"\",\n    \"FLCCorruptionUI\": false,\n    \"FLCCorruptItemSlot\": \"None\",\n    \"FLCCraftUI\": false,\n    \"FLCCraftUIMaxType\": \"Common\",\n    \"FLCDiscount\": 0,\n    \"FLCDustReward\": 0,\n    \"FLCEvent\": \"\",\n    \"FLCExperienceReward\": 0,\n    \"FLCGoldReward\": 0,\n    \"FLCHealerUI\": false,\n    \"FLCLootList\": \"\",\n    \"FLCMaxQuantity\": 0,\n    \"FLCMerchantUI\": false,\n    \"FLCNodeTravel\": \"\",\n    \"FLCRemoveItemSlot\": \"None\",\n    \"FLCRequirementLock\": \"\",\n    \"FLCRequirementUnlock\": \"\",\n    \"FLCRequirementUnlock2\": \"\",\n    \"FLCRewardHealthFlat\": 0,\n    \"FLCRewardHealthPercent\": 0,\n    \"FLCRewardTier\": \"\",\n    \"FLCShopList\": \"\",\n    \"FLCSupplyReward\": 0,\n    \"FLCUnlockClass\": \"\",\n    \"FLCUnlockSteamAchievement\": \"\",\n    \"FLCUpgradeRandomCard\": false,\n    \"FLCUpgradeUI\": false,\n    \"RequirementCard\": \"\",\n    \"SSCardPlayerPairsGame\": false,\n    \"SSCardPlayerPairsGamePackData\": \"\",\n    \"SSCCardPlayerPairsGame\": false,\n    \"SSCCardPlayerPairsGamePackData\": \"\",\n    \"FLCardPlayerPairsGame\": false,\n    \"FLCardPlayerPairsGamePackData\": \"\",\n    \"FLCCardPlayerPairsGame\": false,\n    \"FLCCardPlayerPairsGamePackData\": \"\"\n}"
    ],
    "RequiredClass": "",
    "Requirement": "",
    "medsNode": "subterriver_7",
    "medsPercent": 100,
    "medsPriority": 0
}
