{
    "ID": "smugglercaptain",
    "NPCName": "Smuggler Leader",
    "AICards": ["{\n   \"AddCardRound\": 1,\n   \"AuraCurseCastIf\": \"\",\n   \"Card\": \"mcdetection\",\n   \"OnlyCastIf\": \"Always\",\n   \"PercentToCast\": 0.0,\n   \"Priority\": 1,\n   \"TargetCast\": \"Random\",\n   \"UnitsInDeck\": 1,\n   \"ValueCastIf\": 0.0\n}","{\n   \"AddCardRound\": 1,\n   \"AuraCurseCastIf\": \"\",\n   \"Card\": \"sharpeningcuts\",\n   \"OnlyCastIf\": \"Always\",\n   \"PercentToCast\": 0.0,\n   \"Priority\": 2,\n   \"TargetCast\": \"Random\",\n   \"UnitsInDeck\": 1,\n   \"ValueCastIf\": 0.0\n}","{\n   \"AddCardRound\": 1,\n   \"AuraCurseCastIf\": \"\",\n   \"Card\": \"mcacrobaticstrikem2\",\n   \"OnlyCastIf\": \"Always\",\n   \"PercentToCast\": 0.0,\n   \"Priority\": 3,\n   \"TargetCast\": \"Random\",\n   \"UnitsInDeck\": 1,\n   \"ValueCastIf\": 0.0\n}","{\n   \"AddCardRound\": 2,\n   \"AuraCurseCastIf\": \"\",\n   \"Card\": \"mcdisengage\",\n   \"OnlyCastIf\": \"Always\",\n   \"PercentToCast\": 0.0,\n   \"Priority\": 1,\n   \"TargetCast\": \"Random\",\n   \"UnitsInDeck\": 1,\n   \"ValueCastIf\": 0.0\n}","{\n   \"AddCardRound\": 2,\n   \"AuraCurseCastIf\": \"\",\n   \"Card\": \"mcodeofwar\",\n   \"OnlyCastIf\": \"Always\",\n   \"PercentToCast\": 0.0,\n   \"Priority\": 2,\n   \"TargetCast\": \"Random\",\n   \"UnitsInDeck\": 1,\n   \"ValueCastIf\": 0.0\n}","{\n   \"AddCardRound\": 2,\n   \"AuraCurseCastIf\": \"\",\n   \"Card\": \"mcfanofknives\",\n   \"OnlyCastIf\": \"Always\",\n   \"PercentToCast\": 0.0,\n   \"Priority\": 3,\n   \"TargetCast\": \"Random\",\n   \"UnitsInDeck\": 1,\n   \"ValueCastIf\": 0.0\n}","{\n   \"AddCardRound\": 3,\n   \"AuraCurseCastIf\": \"\",\n   \"Card\": \"mcodeofwar\",\n   \"OnlyCastIf\": \"Always\",\n   \"PercentToCast\": 0.0,\n   \"Priority\": 2,\n   \"TargetCast\": \"Random\",\n   \"UnitsInDeck\": 1,\n   \"ValueCastIf\": 0.0\n}","{\n   \"AddCardRound\": 4,\n   \"AuraCurseCastIf\": \"\",\n   \"Card\": \"mcodeofwar\",\n   \"OnlyCastIf\": \"Always\",\n   \"PercentToCast\": 0.0,\n   \"Priority\": 2,\n   \"TargetCast\": \"Random\",\n   \"UnitsInDeck\": 1,\n   \"ValueCastIf\": 0.0\n}","{\n   \"AddCardRound\": 5,\n   \"AuraCurseCastIf\": \"\",\n   \"Card\": \"mcdisengage\",\n   \"OnlyCastIf\": \"Always\",\n   \"PercentToCast\": 0.0,\n   \"Priority\": 1,\n   \"TargetCast\": \"Random\",\n   \"UnitsInDeck\": 1,\n   \"ValueCastIf\": 0.0\n}","{\n   \"AddCardRound\": 5,\n   \"AuraCurseCastIf\": \"\",\n   \"Card\": \"mcfanofknives\",\n   \"OnlyCastIf\": \"Always\",\n   \"PercentToCast\": 0.0,\n   \"Priority\": 3,\n   \"TargetCast\": \"Random\",\n   \"UnitsInDeck\": 1,\n   \"ValueCastIf\": 0.0\n}","{\n   \"AddCardRound\": 6,\n   \"AuraCurseCastIf\": \"\",\n   \"Card\": \"mcodeofwar\",\n   \"OnlyCastIf\": \"Always\",\n   \"PercentToCast\": 0.0,\n   \"Priority\": 2,\n   \"TargetCast\": \"Random\",\n   \"UnitsInDeck\": 1,\n   \"ValueCastIf\": 0.0\n}","{\n   \"AddCardRound\": 7,\n   \"AuraCurseCastIf\": \"\",\n   \"Card\": \"mcodeofwar\",\n   \"OnlyCastIf\": \"Always\",\n   \"PercentToCast\": 0.0,\n   \"Priority\": 2,\n   \"TargetCast\": \"Random\",\n   \"UnitsInDeck\": 1,\n   \"ValueCastIf\": 0.0\n}","{\n   \"AddCardRound\": 8,\n   \"AuraCurseCastIf\": \"\",\n   \"Card\": \"mcdisengage\",\n   \"OnlyCastIf\": \"Always\",\n   \"PercentToCast\": 0.0,\n   \"Priority\": 1,\n   \"TargetCast\": \"Random\",\n   \"UnitsInDeck\": 1,\n   \"ValueCastIf\": 0.0\n}","{\n   \"AddCardRound\": 8,\n   \"AuraCurseCastIf\": \"\",\n   \"Card\": \"mcfanofknives\",\n   \"OnlyCastIf\": \"Always\",\n   \"PercentToCast\": 0.0,\n   \"Priority\": 3,\n   \"TargetCast\": \"Random\",\n   \"UnitsInDeck\": 1,\n   \"ValueCastIf\": 0.0\n}","{\n   \"AddCardRound\": 9,\n   \"AuraCurseCastIf\": \"\",\n   \"Card\": \"mcodeofwar\",\n   \"OnlyCastIf\": \"Always\",\n   \"PercentToCast\": 0.0,\n   \"Priority\": 2,\n   \"TargetCast\": \"Random\",\n   \"UnitsInDeck\": 1,\n   \"ValueCastIf\": 0.0\n}","{\n   \"AddCardRound\": 10,\n   \"AuraCurseCastIf\": \"\",\n   \"Card\": \"mcodeofwar\",\n   \"OnlyCastIf\": \"Always\",\n   \"PercentToCast\": 0.0,\n   \"Priority\": 2,\n   \"TargetCast\": \"Random\",\n   \"UnitsInDeck\": 1,\n   \"ValueCastIf\": 0.0\n}","{\n   \"AddCardRound\": 11,\n   \"AuraCurseCastIf\": \"\",\n   \"Card\": \"mcfanofknives\",\n   \"OnlyCastIf\": \"Always\",\n   \"PercentToCast\": 0.0,\n   \"Priority\": 3,\n   \"TargetCast\": \"Random\",\n   \"UnitsInDeck\": 1,\n   \"ValueCastIf\": 0.0\n}","{\n   \"AddCardRound\": 11,\n   \"AuraCurseCastIf\": \"\",\n   \"Card\": \"mcdisengage\",\n   \"OnlyCastIf\": \"Always\",\n   \"PercentToCast\": 0.0,\n   \"Priority\": 1,\n   \"TargetCast\": \"Random\",\n   \"UnitsInDeck\": 1,\n   \"ValueCastIf\": 0.0\n}","{\n   \"AddCardRound\": 0,\n   \"AuraCurseCastIf\": \"\",\n   \"Card\": \"mcdetection\",\n   \"OnlyCastIf\": \"Always\",\n   \"PercentToCast\": 0.0,\n   \"Priority\": 1,\n   \"TargetCast\": \"Random\",\n   \"UnitsInDeck\": 1,\n   \"ValueCastIf\": 0.0\n}","{\n   \"AddCardRound\": 0,\n   \"AuraCurseCastIf\": \"\",\n   \"Card\": \"sharpeningcuts\",\n   \"OnlyCastIf\": \"Always\",\n   \"PercentToCast\": 0.0,\n   \"Priority\": 2,\n   \"TargetCast\": \"Random\",\n   \"UnitsInDeck\": 1,\n   \"ValueCastIf\": 0.0\n}","{\n   \"AddCardRound\": 0,\n   \"AuraCurseCastIf\": \"\",\n   \"Card\": \"mcacrobaticstrikem2\",\n   \"OnlyCastIf\": \"Always\",\n   \"PercentToCast\": 0.0,\n   \"Priority\": 3,\n   \"TargetCast\": \"Random\",\n   \"UnitsInDeck\": 1,\n   \"ValueCastIf\": 0.0\n}"],
    "AuraCurseImmune": [],
    "BaseMonster": "",
    "BigModel": false,
    "CardsInHand": 2,
    "Description": "",
    "Difficulty": -1,
    "Energy": 10,
    "EnergyTurn": 0,
    "ExperienceReward": 48,
    "Female": false,
    "FinishCombatOnDead": false,
    "FluffOffsetX": -0.300000012,
    "FluffOffsetY": 3.200000048,
    "GameObjectAnimated": "smugglercaptain",
    "GoldReward": 150,
    "HellModeMob": "",
    "HitSound": "malehit4",
    "HP": 135,
    "IsBoss": false,
    "IsNamed": false,
    "NgPlusMob": "smugglercaptain_plus",
    "PosBottom": 0,
    "PreferredPosition": "Anywhere",
    "ResistBlunt": 15,
    "ResistCold": 15,
    "ResistFire": 15,
    "ResistHoly": 15,
    "ResistLightning": -15,
    "ResistMind": 0,
    "ResistPiercing": 15,
    "ResistShadow": 15,
    "ResistSlashing": 15,
    "ScriptableObjectName": "Smuggler Leader",
    "Speed": 20,
    "Sprite": "",
    "SpritePortrait": "smugglerCaptainSpritePortrait",
    "SpriteSpeed": "smugglerCaptainSpriteSpeed",
    "TierMob": "T0",
    "TierReward": 3,
    "UpgradedMob": ""
}
