{
    "NodeId": "sen_600",
    "NodeName": "Hidden Entrance",
    "CombatPercent": 0,
    "Description": "",
    "DisableCorruption": false,
    "DisableRandom": true,
    "EventPercent": 0,
    "ExistsPercent": 100,
    "ExistsSku": "",
    "GoToTown": false,
    "NodeBackgroundImg": "",
    "NodeCombat": [],
    "NodeCombatTier": "T0",
    "NodeEvent": ["e_sen600_a"],
    "NodeEventPercent": [],
    "NodeEventPriority": [],
    "NodeEventTier": "T0",
    "NodeGround": "None",
    "NodeRequirement": "act1altpath",
    "NodesConnected": ["sen_17"],
    "NodesConnectedRequirement": [],
    "NodeZone": "Senenthia",
    "TravelDestination": false,
    "VisibleIfNotRequirement": false,
    "medsPosX": 0.5405,
    "medsPosY": -1.969
}
