{
    "NodeId": "sen_43",
    "NodeName": "Forest",
    "CombatPercent": 80,
    "Description": "",
    "DisableCorruption": false,
    "DisableRandom": false,
    "EventPercent": 20,
    "ExistsPercent": 100,
    "ExistsSku": "",
    "GoToTown": false,
    "NodeBackgroundImg": "",
    "NodeCombat": ["csen_28"],
    "NodeCombatTier": "T2",
    "NodeEvent": ["e_sen43_a"],
    "NodeEventPercent": [],
    "NodeEventPriority": [],
    "NodeEventTier": "T0",
    "NodeGround": "None",
    "NodeRequirement": "",
    "NodesConnected": ["sen_32"],
    "NodesConnectedRequirement": [],
    "NodeZone": "Senenthia",
    "TravelDestination": false,
    "VisibleIfNotRequirement": false,
    "medsPosX": 6.682,
    "medsPosY": -2.579
}
