{
    "NodeId": "sen_7",
    "NodeName": "Small Lake",
    "CombatPercent": 0,
    "Description": "",
    "DisableCorruption": false,
    "DisableRandom": false,
    "EventPercent": 0,
    "ExistsPercent": 100,
    "ExistsSku": "",
    "GoToTown": false,
    "NodeBackgroundImg": "",
    "NodeCombat": [],
    "NodeCombatTier": "T0",
    "NodeEvent": ["e_sen7_a","e_sen7_b"],
    "NodeEventPercent": [80,20],
    "NodeEventPriority": [0,0],
    "NodeEventTier": "T0",
    "NodeGround": "None",
    "NodeRequirement": "",
    "NodesConnected": ["sen_10","sen_14"],
    "NodesConnectedRequirement": [],
    "NodeZone": "Senenthia",
    "TravelDestination": false,
    "VisibleIfNotRequirement": false,
    "medsPosX": -4.03,
    "medsPosY": -3.02
}
