{
    "NodeId": "subterriver_4",
    "NodeName": "Branchwork Cave",
    "CombatPercent": 0,
    "Description": "",
    "DisableCorruption": false,
    "DisableRandom": false,
    "EventPercent": 0,
    "ExistsPercent": 100,
    "ExistsSku": "",
    "GoToTown": false,
    "NodeBackgroundImg": "zone_subterriver_secret",
    "NodeCombat": [],
    "NodeCombatTier": "T0",
    "NodeEvent": ["e_subterriver4_a","e_subterriver4_d","e_subterriver4_g","e_subterriver4_h"],
    "NodeEventPercent": [33,33,17,17],
    "NodeEventPriority": [0,0,0,0],
    "NodeEventTier": "T0",
    "NodeGround": "None",
    "NodeRequirement": "act1subzonemini",
    "NodesConnected": ["subterriver_5"],
    "NodesConnectedRequirement": [],
    "NodeZone": "subterriver",
    "TravelDestination": false,
    "VisibleIfNotRequirement": false,
    "medsPosX": 0.0525,
    "medsPosY": 1.3575
}
