{
    "NodeId": "subterriver_3",
    "NodeName": "Smuggler's Cache",
    "CombatPercent": 0,
    "Description": "",
    "DisableCorruption": false,
    "DisableRandom": false,
    "EventPercent": 0,
    "ExistsPercent": 100,
    "ExistsSku": "",
    "GoToTown": false,
    "NodeBackgroundImg": "",
    "NodeCombat": [],
    "NodeCombatTier": "T0",
    "NodeEvent": ["e_subterriver3_a"],
    "NodeEventPercent": [],
    "NodeEventPriority": [],
    "NodeEventTier": "T0",
    "NodeGround": "None",
    "NodeRequirement": "",
    "NodesConnected": ["subterriver_4", "subterriver_5"],
    "NodesConnectedRequirement": ["{\n   \"NodeData\": \"subterriver_4\",\n   \"ConnectionRequirement\": \"act1subzonemini\",\n   \"ConnectionIfNotNode\": \"\"\n}"],
    "NodeZone": "subterriver",
    "TravelDestination": false,
    "VisibleIfNotRequirement": false,
    "medsPosX": -1.47,
    "medsPosY": 0.2925
}
