{
    "NodeId": "subterriver_0",
    "NodeName": "Cave Landing",
    "CombatPercent": 0,
    "Description": "",
    "DisableCorruption": false,
    "DisableRandom": false,
    "EventPercent": 0,
    "ExistsPercent": 100,
    "ExistsSku": "",
    "GoToTown": false,
    "NodeBackgroundImg": "",
    "NodeCombat": [],
    "NodeCombatTier": "T0",
    "NodeEvent": [],
    "NodeEventPercent": [],
    "NodeEventPriority": [],
    "NodeEventTier": "T0",
    "NodeGround": "None",
    "NodeRequirement": "",
    "NodesConnected": ["subterriver_1","subterriver_2"],
    "NodesConnectedRequirement": [],
    "NodeZone": "subterriver",
    "TravelDestination": true,
    "VisibleIfNotRequirement": false,
    "medsPosX": -3.12,
    "medsPosY": -1.2825
}
