{
    "NodeId": "subterriver_11",
    "NodeName": "Subterranean River Exit",
    "CombatPercent": 0,
    "Description": "",
    "DisableCorruption": false,
    "DisableRandom": false,
    "EventPercent": 0,
    "ExistsPercent": 100,
    "ExistsSku": "",
    "GoToTown": false,
    "NodeBackgroundImg": "",
    "NodeCombat": [],
    "NodeCombatTier": "T0",
    "NodeEvent": ["e_subterriver11_a"],
    "NodeEventPercent": [],
    "NodeEventPriority": [],
    "NodeEventTier": "T0",
    "NodeGround": "None",
    "NodeRequirement": "",
    "NodesConnected": [],
    "NodesConnectedRequirement": [],
    "NodeZone": "subterriver",
    "TravelDestination": false,
    "VisibleIfNotRequirement": false,
    "medsPosX": 4.2975,
    "medsPosY": 2.655
}
