{
    "ID": "smugglerplus",
    "DefaultPercentEpic": 0,
    "DefaultPercentMythic": 0,
    "DefaultPercentRare": 10,
    "DefaultPercentUncommon": 30,
    "GoldQuantity": 50,
    "LootItemTable": ["{\n   \"LootCard\": \"\",\n   \"LootPercent\": 100.0,\n   \"LootRarity\": \"Common\",\n   \"LootType\": \"Weapon\"\n}","{\n   \"LootCard\": \"\",\n   \"LootPercent\": 100.0,\n   \"LootRarity\": \"Common\",\n   \"LootType\": \"Armor\"\n}","{\n   \"LootCard\": \"\",\n   \"LootPercent\": 100.0,\n   \"LootRarity\": \"Uncommon\",\n   \"LootType\": \"Armor\"\n}","{\n   \"LootCard\": \"\",\n   \"LootPercent\": 100.0,\n   \"LootRarity\": \"Common\",\n   \"LootType\": \"Jewelry\"\n}","{\n   \"LootCard\": \"\",\n   \"LootPercent\": 100.0,\n   \"LootRarity\": \"Common\",\n   \"LootType\": \"Accesory\"\n}","{\n   \"LootCard\": \"\",\n   \"LootPercent\": 100.0,\n   \"LootRarity\": \"Common\",\n   \"LootType\": \"None\"\n}"],
    "NumItems": 6
}
