{
    "ID": "jank",
    "ACName": "Jank",
    "AuraConsumed": 0,
    "AuraDamageIncreasedPercent": 0,
    "AuraDamageIncreasedPercent2": 0,
    "AuraDamageIncreasedPercent3": 0,
    "AuraDamageIncreasedPercent4": 0,
    "AuraDamageIncreasedPercentPerStack": 0,
    "AuraDamageIncreasedPercentPerStack2": 0,
    "AuraDamageIncreasedPercentPerStack3": 0,
    "AuraDamageIncreasedPercentPerStack4": 0,
    "AuraDamageIncreasedPercentPerStackPerEnergy": 0,
    "AuraDamageIncreasedPercentPerStackPerEnergy2": 0,
    "AuraDamageIncreasedPercentPerStackPerEnergy3": 0,
    "AuraDamageIncreasedPercentPerStackPerEnergy4": 0,
    "AuraDamageIncreasedTotal": 0,
    "AuraDamageIncreasedTotal2": 0,
    "AuraDamageIncreasedTotal3": 0,
    "AuraDamageIncreasedTotal4": 0,
    "AuraDamageType": "None",
    "AuraDamageType2": "None",
    "AuraDamageType3": "None",
    "AuraDamageType4": "None",
    "BlockChargesGainedPerStack": 0,
    "CardsDrawPerStack": 0,
    "CharacterStatAbsolute": false,
    "CharacterStatAbsoluteValue": 0,
    "CharacterStatAbsoluteValuePerStack": 0,
    "CharacterStatChargesMultiplierNeededForOne": 1,
    "CharacterStatModified": "None",
    "CharacterStatModifiedValue": 0,
    "CharacterStatModifiedValuePerStack": 0,
    "ChargesAuxNeedForOne1": 1,
    "ChargesAuxNeedForOne2": 1,
    "ChargesMultiplierDescription": 1,
    "CombatlogShow": false,
    "ConsumeAll": false,
    "ConsumedAtCast": false,
    "ConsumedAtRound": false,
    "ConsumedAtRoundBegin": false,
    "ConsumedAtTurn": false,
    "ConsumedAtTurnBegin": false,
    "CursePreventedPerStack": 0,
    "DamagePreventedPerStack": 0,
    "DamageReflectedConsumeCharges": 0,
    "DamageReflectedType": "None",
    "DamageSidesWhenConsumed": 0,
    "DamageSidesWhenConsumedPerCharge": 0,
    "DamageTypeWhenConsumed": "None",
    "DamageWhenConsumed": 0,
    "DamageWhenConsumedPerCharge": 0,
    "Description": "J A N K",
    "DieWhenConsumedAll": false,
    "DisabledCardTypes": [],
    "DoubleDamageIfCursesLessThan": 0,
    "EffectTick": "",
    "EffectTickSides": "",
    "ExplodeAtStacks": 0,
    "GainAuraCurseConsumption": "",
    "GainAuraCurseConsumption2": "",
    "GainAuraCurseConsumptionPerCharge": 0,
    "GainAuraCurseConsumptionPerCharge2": 0,
    "GainCharges": false,
    "GainChargesFromThisAuraCurse": "",
    "GainChargesFromThisAuraCurse2": "",
    "HealAttackerConsumeCharges": 0,
    "HealAttackerPerStack": 0,
    "HealDonePercent": 0,
    "HealDonePercentPerStack": 0,
    "HealDonePercentPerStackPerEnergy": 0,
    "HealDonePerStack": 0,
    "HealReceivedTotal": 0,
    "HealSidesWhenConsumed": 0,
    "HealSidesWhenConsumedPerCharge": 0,
    "HealWhenConsumed": 0,
    "HealWhenConsumedPerCharge": 0,
    "IconShow": false,
    "IncreasedDamageReceivedType": "None",
    "IncreasedDamageReceivedType2": "None",
    "IncreasedDirectDamageChargesMultiplierNeededForOne": 1,
    "IncreasedDirectDamageChargesMultiplierNeededForOne2": 1,
    "IncreasedDirectDamageReceivedPerStack": 0,
    "IncreasedDirectDamageReceivedPerStack2": 0,
    "IncreasedDirectDamageReceivedPerTurn": 0,
    "IncreasedDirectDamageReceivedPerTurn2": 0,
    "IncreasedPercentDamageReceivedPerStack": 0,
    "IncreasedPercentDamageReceivedPerStack2": 0,
    "IncreasedPercentDamageReceivedPerTurn": 0,
    "IncreasedPercentDamageReceivedPerTurn2": 0,
    "Invulnerable": false,
    "IsAura": true,
    "MaxCharges": -1,
    "MaxMadnessCharges": -1,
    "ModifyCardCostPerChargeNeededForOne": 0,
    "NoRemoveBlockAtTurnEnd": false,
    "Preventable": false,
    "PreventedAuraCurse": "",
    "PreventedAuraCurseStackPerStack": 0,
    "PreventedDamagePerStack": 0,
    "PreventedDamageTypePerStack": "None",
    "PriorityOnConsumption": 30,
    "ProduceDamageWhenConsumed": false,
    "ProduceHealWhenConsumed": false,
    "Removable": false,
    "RemoveAuraCurse": "",
    "RemoveAuraCurse2": "",
    "ResistModified": "None",
    "ResistModified2": "None",
    "ResistModified3": "None",
    "ResistModifiedPercentagePerStack": 0,
    "ResistModifiedPercentagePerStack2": 0,
    "ResistModifiedPercentagePerStack3": 0,
    "ResistModifiedValue": 0,
    "ResistModifiedValue2": 0,
    "ResistModifiedValue3": 0,
    "RevealCardsPerCharge": 0,
    "SkipsNextTurn": false,
    "Sound": "",
    "Sprite": "bless",
    "Stealth": false,
    "Taunt": false,
    "AuraDamageIncreasedPerStack": 0,
    "AuraDamageIncreasedPerStack2": 0,
    "AuraDamageIncreasedPerStack3": 0,
    "AuraDamageIncreasedPerStack4": 0,
    "AuraDamageChargesBasedOnACCharges": "",
    "ConsumedDamageChargesBasedOnACCharges": ""
}
